cifar100_2024,vnncomp2025_benchmarks/benchmarks/cifar100_2024/onnx/CIFAR100_resnet_medium.onnx,vnncomp2025_benchmarks/benchmarks/cifar100_2024/vnnlib/CIFAR100_resnet_medium_prop_idx_7641_sidx_1041_eps_0.0039.vnnlib,.024340325,unsat,75.259588698
cifar100_2024,vnncomp2025_benchmarks/benchmarks/cifar100_2024/onnx/CIFAR100_resnet_medium.onnx,vnncomp2025_benchmarks/benchmarks/cifar100_2024/vnnlib/CIFAR100_resnet_medium_prop_idx_2132_sidx_6868_eps_0.0039.vnnlib,.176466773,unsat,75.099812198
cifar100_2024,vnncomp2025_benchmarks/benchmarks/cifar100_2024/onnx/CIFAR100_resnet_medium.onnx,vnncomp2025_benchmarks/benchmarks/cifar100_2024/vnnlib/CIFAR100_resnet_medium_prop_idx_6232_sidx_3020_eps_0.0039.vnnlib,.057927483,unsat,76.101308426
cifar100_2024,vnncomp2025_benchmarks/benchmarks/cifar100_2024/onnx/CIFAR100_resnet_medium.onnx,vnncomp2025_benchmarks/benchmarks/cifar100_2024/vnnlib/CIFAR100_resnet_medium_prop_idx_9694_sidx_2810_eps_0.0039.vnnlib,.056810512,unsat,76.287174743
cifar100_2024,vnncomp2025_benchmarks/benchmarks/cifar100_2024/onnx/CIFAR100_resnet_medium.onnx,vnncomp2025_benchmarks/benchmarks/cifar100_2024/vnnlib/CIFAR100_resnet_medium_prop_idx_4760_sidx_4651_eps_0.0039.vnnlib,.058555343,unsat,75.548452184
cifar100_2024,vnncomp2025_benchmarks/benchmarks/cifar100_2024/onnx/CIFAR100_resnet_medium.onnx,vnncomp2025_benchmarks/benchmarks/cifar100_2024/vnnlib/CIFAR100_resnet_medium_prop_idx_6135_sidx_4586_eps_0.0039.vnnlib,.066143922,unsat,75.143799298
cifar100_2024,vnncomp2025_benchmarks/benchmarks/cifar100_2024/onnx/CIFAR100_resnet_medium.onnx,vnncomp2025_benchmarks/benchmarks/cifar100_2024/vnnlib/CIFAR100_resnet_medium_prop_idx_4921_sidx_3617_eps_0.0039.vnnlib,.053852692,unsat,75.757980352
cifar100_2024,vnncomp2025_benchmarks/benchmarks/cifar100_2024/onnx/CIFAR100_resnet_medium.onnx,vnncomp2025_benchmarks/benchmarks/cifar100_2024/vnnlib/CIFAR100_resnet_medium_prop_idx_5242_sidx_1208_eps_0.0039.vnnlib,.039201873,unsat,75.481268048
cifar100_2024,vnncomp2025_benchmarks/benchmarks/cifar100_2024/onnx/CIFAR100_resnet_medium.onnx,vnncomp2025_benchmarks/benchmarks/cifar100_2024/vnnlib/CIFAR100_resnet_medium_prop_idx_2176_sidx_3285_eps_0.0039.vnnlib,.050784543,unsat,75.291079427
cifar100_2024,vnncomp2025_benchmarks/benchmarks/cifar100_2024/onnx/CIFAR100_resnet_medium.onnx,vnncomp2025_benchmarks/benchmarks/cifar100_2024/vnnlib/CIFAR100_resnet_medium_prop_idx_8762_sidx_3374_eps_0.0039.vnnlib,.056711985,unsat,75.110843129
cifar100_2024,vnncomp2025_benchmarks/benchmarks/cifar100_2024/onnx/CIFAR100_resnet_medium.onnx,vnncomp2025_benchmarks/benchmarks/cifar100_2024/vnnlib/CIFAR100_resnet_medium_prop_idx_7704_sidx_3701_eps_0.0039.vnnlib,.060182984,unsat,75.546736940
cifar100_2024,vnncomp2025_benchmarks/benchmarks/cifar100_2024/onnx/CIFAR100_resnet_medium.onnx,vnncomp2025_benchmarks/benchmarks/cifar100_2024/vnnlib/CIFAR100_resnet_medium_prop_idx_4752_sidx_1800_eps_0.0039.vnnlib,.168919322,unsat,75.752179376
cifar100_2024,vnncomp2025_benchmarks/benchmarks/cifar100_2024/onnx/CIFAR100_resnet_medium.onnx,vnncomp2025_benchmarks/benchmarks/cifar100_2024/vnnlib/CIFAR100_resnet_medium_prop_idx_6415_sidx_4543_eps_0.0039.vnnlib,.137078580,unsat,75.383315051
cifar100_2024,vnncomp2025_benchmarks/benchmarks/cifar100_2024/onnx/CIFAR100_resnet_medium.onnx,vnncomp2025_benchmarks/benchmarks/cifar100_2024/vnnlib/CIFAR100_resnet_medium_prop_idx_2477_sidx_388_eps_0.0039.vnnlib,.043427089,unsat,75.320664594
cifar100_2024,vnncomp2025_benchmarks/benchmarks/cifar100_2024/onnx/CIFAR100_resnet_medium.onnx,vnncomp2025_benchmarks/benchmarks/cifar100_2024/vnnlib/CIFAR100_resnet_medium_prop_idx_6553_sidx_7265_eps_0.0039.vnnlib,.049638901,unsat,76.119385610
cifar100_2024,vnncomp2025_benchmarks/benchmarks/cifar100_2024/onnx/CIFAR100_resnet_medium.onnx,vnncomp2025_benchmarks/benchmarks/cifar100_2024/vnnlib/CIFAR100_resnet_medium_prop_idx_8600_sidx_2721_eps_0.0039.vnnlib,.099913854,unsat,75.615167318
cifar100_2024,vnncomp2025_benchmarks/benchmarks/cifar100_2024/onnx/CIFAR100_resnet_medium.onnx,vnncomp2025_benchmarks/benchmarks/cifar100_2024/vnnlib/CIFAR100_resnet_medium_prop_idx_7258_sidx_3539_eps_0.0039.vnnlib,.150173480,unsat,75.550368606
cifar100_2024,vnncomp2025_benchmarks/benchmarks/cifar100_2024/onnx/CIFAR100_resnet_medium.onnx,vnncomp2025_benchmarks/benchmarks/cifar100_2024/vnnlib/CIFAR100_resnet_medium_prop_idx_6659_sidx_4583_eps_0.0039.vnnlib,.066392400,unsat,75.620300004
cifar100_2024,vnncomp2025_benchmarks/benchmarks/cifar100_2024/onnx/CIFAR100_resnet_medium.onnx,vnncomp2025_benchmarks/benchmarks/cifar100_2024/vnnlib/CIFAR100_resnet_medium_prop_idx_885_sidx_7654_eps_0.0039.vnnlib,.054846966,unsat,76.040196032
cifar100_2024,vnncomp2025_benchmarks/benchmarks/cifar100_2024/onnx/CIFAR100_resnet_medium.onnx,vnncomp2025_benchmarks/benchmarks/cifar100_2024/vnnlib/CIFAR100_resnet_medium_prop_idx_3006_sidx_928_eps_0.0039.vnnlib,.156066928,unsat,75.493014743
cifar100_2024,vnncomp2025_benchmarks/benchmarks/cifar100_2024/onnx/CIFAR100_resnet_medium.onnx,vnncomp2025_benchmarks/benchmarks/cifar100_2024/vnnlib/CIFAR100_resnet_medium_prop_idx_1588_sidx_6654_eps_0.0039.vnnlib,.112771560,unsat,75.117587401
cifar100_2024,vnncomp2025_benchmarks/benchmarks/cifar100_2024/onnx/CIFAR100_resnet_medium.onnx,vnncomp2025_benchmarks/benchmarks/cifar100_2024/vnnlib/CIFAR100_resnet_medium_prop_idx_8594_sidx_5815_eps_0.0039.vnnlib,.084555660,unsat,75.322863171
cifar100_2024,vnncomp2025_benchmarks/benchmarks/cifar100_2024/onnx/CIFAR100_resnet_medium.onnx,vnncomp2025_benchmarks/benchmarks/cifar100_2024/vnnlib/CIFAR100_resnet_medium_prop_idx_9658_sidx_1660_eps_0.0039.vnnlib,.074650038,unsat,76.003195972
cifar100_2024,vnncomp2025_benchmarks/benchmarks/cifar100_2024/onnx/CIFAR100_resnet_medium.onnx,vnncomp2025_benchmarks/benchmarks/cifar100_2024/vnnlib/CIFAR100_resnet_medium_prop_idx_8505_sidx_1690_eps_0.0039.vnnlib,.109844688,unsat,75.906509635
cifar100_2024,vnncomp2025_benchmarks/benchmarks/cifar100_2024/onnx/CIFAR100_resnet_medium.onnx,vnncomp2025_benchmarks/benchmarks/cifar100_2024/vnnlib/CIFAR100_resnet_medium_prop_idx_8945_sidx_3584_eps_0.0039.vnnlib,.175370429,unsat,75.296289315
cifar100_2024,vnncomp2025_benchmarks/benchmarks/cifar100_2024/onnx/CIFAR100_resnet_medium.onnx,vnncomp2025_benchmarks/benchmarks/cifar100_2024/vnnlib/CIFAR100_resnet_medium_prop_idx_6585_sidx_533_eps_0.0039.vnnlib,.110812986,unsat,75.319712233
cifar100_2024,vnncomp2025_benchmarks/benchmarks/cifar100_2024/onnx/CIFAR100_resnet_medium.onnx,vnncomp2025_benchmarks/benchmarks/cifar100_2024/vnnlib/CIFAR100_resnet_medium_prop_idx_6573_sidx_5525_eps_0.0039.vnnlib,.062139869,unknown,75.213622940
cifar100_2024,vnncomp2025_benchmarks/benchmarks/cifar100_2024/onnx/CIFAR100_resnet_medium.onnx,vnncomp2025_benchmarks/benchmarks/cifar100_2024/vnnlib/CIFAR100_resnet_medium_prop_idx_8619_sidx_4461_eps_0.0039.vnnlib,.142733340,unsat,75.494486451
cifar100_2024,vnncomp2025_benchmarks/benchmarks/cifar100_2024/onnx/CIFAR100_resnet_medium.onnx,vnncomp2025_benchmarks/benchmarks/cifar100_2024/vnnlib/CIFAR100_resnet_medium_prop_idx_54_sidx_9735_eps_0.0039.vnnlib,.111123643,unsat,75.232514100
cifar100_2024,vnncomp2025_benchmarks/benchmarks/cifar100_2024/onnx/CIFAR100_resnet_medium.onnx,vnncomp2025_benchmarks/benchmarks/cifar100_2024/vnnlib/CIFAR100_resnet_medium_prop_idx_4429_sidx_1471_eps_0.0039.vnnlib,.129572737,unsat,75.781675769
cifar100_2024,vnncomp2025_benchmarks/benchmarks/cifar100_2024/onnx/CIFAR100_resnet_medium.onnx,vnncomp2025_benchmarks/benchmarks/cifar100_2024/vnnlib/CIFAR100_resnet_medium_prop_idx_1190_sidx_8846_eps_0.0039.vnnlib,.069841540,unsat,75.164117588
cifar100_2024,vnncomp2025_benchmarks/benchmarks/cifar100_2024/onnx/CIFAR100_resnet_medium.onnx,vnncomp2025_benchmarks/benchmarks/cifar100_2024/vnnlib/CIFAR100_resnet_medium_prop_idx_7569_sidx_2906_eps_0.0039.vnnlib,.063153001,unsat,76.607302824
cifar100_2024,vnncomp2025_benchmarks/benchmarks/cifar100_2024/onnx/CIFAR100_resnet_medium.onnx,vnncomp2025_benchmarks/benchmarks/cifar100_2024/vnnlib/CIFAR100_resnet_medium_prop_idx_9897_sidx_9124_eps_0.0039.vnnlib,.097551740,unsat,75.731883941
cifar100_2024,vnncomp2025_benchmarks/benchmarks/cifar100_2024/onnx/CIFAR100_resnet_medium.onnx,vnncomp2025_benchmarks/benchmarks/cifar100_2024/vnnlib/CIFAR100_resnet_medium_prop_idx_5831_sidx_5506_eps_0.0039.vnnlib,.147495983,unsat,75.742997353
cifar100_2024,vnncomp2025_benchmarks/benchmarks/cifar100_2024/onnx/CIFAR100_resnet_medium.onnx,vnncomp2025_benchmarks/benchmarks/cifar100_2024/vnnlib/CIFAR100_resnet_medium_prop_idx_4169_sidx_9758_eps_0.0039.vnnlib,.071930406,unsat,75.237086489
cifar100_2024,vnncomp2025_benchmarks/benchmarks/cifar100_2024/onnx/CIFAR100_resnet_medium.onnx,vnncomp2025_benchmarks/benchmarks/cifar100_2024/vnnlib/CIFAR100_resnet_medium_prop_idx_8196_sidx_3864_eps_0.0039.vnnlib,.136180517,unsat,75.555445469
cifar100_2024,vnncomp2025_benchmarks/benchmarks/cifar100_2024/onnx/CIFAR100_resnet_medium.onnx,vnncomp2025_benchmarks/benchmarks/cifar100_2024/vnnlib/CIFAR100_resnet_medium_prop_idx_6583_sidx_8860_eps_0.0039.vnnlib,.145996600,unsat,76.529354274
cifar100_2024,vnncomp2025_benchmarks/benchmarks/cifar100_2024/onnx/CIFAR100_resnet_medium.onnx,vnncomp2025_benchmarks/benchmarks/cifar100_2024/vnnlib/CIFAR100_resnet_medium_prop_idx_8523_sidx_9936_eps_0.0039.vnnlib,.036716601,unsat,75.551280545
cifar100_2024,vnncomp2025_benchmarks/benchmarks/cifar100_2024/onnx/CIFAR100_resnet_medium.onnx,vnncomp2025_benchmarks/benchmarks/cifar100_2024/vnnlib/CIFAR100_resnet_medium_prop_idx_3418_sidx_4225_eps_0.0039.vnnlib,.203329454,unsat,75.888007229
cifar100_2024,vnncomp2025_benchmarks/benchmarks/cifar100_2024/onnx/CIFAR100_resnet_medium.onnx,vnncomp2025_benchmarks/benchmarks/cifar100_2024/vnnlib/CIFAR100_resnet_medium_prop_idx_7431_sidx_7329_eps_0.0039.vnnlib,.068871675,unknown,75.512380786
cifar100_2024,vnncomp2025_benchmarks/benchmarks/cifar100_2024/onnx/CIFAR100_resnet_medium.onnx,vnncomp2025_benchmarks/benchmarks/cifar100_2024/vnnlib/CIFAR100_resnet_medium_prop_idx_6010_sidx_5369_eps_0.0039.vnnlib,.187327943,unsat,75.271885810
cifar100_2024,vnncomp2025_benchmarks/benchmarks/cifar100_2024/onnx/CIFAR100_resnet_medium.onnx,vnncomp2025_benchmarks/benchmarks/cifar100_2024/vnnlib/CIFAR100_resnet_medium_prop_idx_5127_sidx_993_eps_0.0039.vnnlib,.104052494,unsat,75.991495450
cifar100_2024,vnncomp2025_benchmarks/benchmarks/cifar100_2024/onnx/CIFAR100_resnet_medium.onnx,vnncomp2025_benchmarks/benchmarks/cifar100_2024/vnnlib/CIFAR100_resnet_medium_prop_idx_6263_sidx_7644_eps_0.0039.vnnlib,.111781565,unsat,77.203481830
cifar100_2024,vnncomp2025_benchmarks/benchmarks/cifar100_2024/onnx/CIFAR100_resnet_medium.onnx,vnncomp2025_benchmarks/benchmarks/cifar100_2024/vnnlib/CIFAR100_resnet_medium_prop_idx_5001_sidx_1154_eps_0.0039.vnnlib,.056560336,unknown,75.108329168
cifar100_2024,vnncomp2025_benchmarks/benchmarks/cifar100_2024/onnx/CIFAR100_resnet_medium.onnx,vnncomp2025_benchmarks/benchmarks/cifar100_2024/vnnlib/CIFAR100_resnet_medium_prop_idx_4597_sidx_282_eps_0.0039.vnnlib,.094133555,unsat,75.594479346
cifar100_2024,vnncomp2025_benchmarks/benchmarks/cifar100_2024/onnx/CIFAR100_resnet_medium.onnx,vnncomp2025_benchmarks/benchmarks/cifar100_2024/vnnlib/CIFAR100_resnet_medium_prop_idx_3184_sidx_9092_eps_0.0039.vnnlib,.075585185,unsat,75.949689653
cifar100_2024,vnncomp2025_benchmarks/benchmarks/cifar100_2024/onnx/CIFAR100_resnet_medium.onnx,vnncomp2025_benchmarks/benchmarks/cifar100_2024/vnnlib/CIFAR100_resnet_medium_prop_idx_3343_sidx_1406_eps_0.0039.vnnlib,.190287312,unsat,75.858238896
cifar100_2024,vnncomp2025_benchmarks/benchmarks/cifar100_2024/onnx/CIFAR100_resnet_medium.onnx,vnncomp2025_benchmarks/benchmarks/cifar100_2024/vnnlib/CIFAR100_resnet_medium_prop_idx_8330_sidx_7593_eps_0.0039.vnnlib,.044169811,unsat,75.720974021
cifar100_2024,vnncomp2025_benchmarks/benchmarks/cifar100_2024/onnx/CIFAR100_resnet_medium.onnx,vnncomp2025_benchmarks/benchmarks/cifar100_2024/vnnlib/CIFAR100_resnet_medium_prop_idx_5634_sidx_9441_eps_0.0039.vnnlib,.063592957,unknown,74.937988395
cifar100_2024,vnncomp2025_benchmarks/benchmarks/cifar100_2024/onnx/CIFAR100_resnet_medium.onnx,vnncomp2025_benchmarks/benchmarks/cifar100_2024/vnnlib/CIFAR100_resnet_medium_prop_idx_7478_sidx_6593_eps_0.0039.vnnlib,.063298535,unsat,75.045909664
cifar100_2024,vnncomp2025_benchmarks/benchmarks/cifar100_2024/onnx/CIFAR100_resnet_medium.onnx,vnncomp2025_benchmarks/benchmarks/cifar100_2024/vnnlib/CIFAR100_resnet_medium_prop_idx_913_sidx_2404_eps_0.0039.vnnlib,.171660113,unsat,75.584641282
cifar100_2024,vnncomp2025_benchmarks/benchmarks/cifar100_2024/onnx/CIFAR100_resnet_medium.onnx,vnncomp2025_benchmarks/benchmarks/cifar100_2024/vnnlib/CIFAR100_resnet_medium_prop_idx_1761_sidx_3933_eps_0.0039.vnnlib,.076951774,unsat,75.754807116
cifar100_2024,vnncomp2025_benchmarks/benchmarks/cifar100_2024/onnx/CIFAR100_resnet_medium.onnx,vnncomp2025_benchmarks/benchmarks/cifar100_2024/vnnlib/CIFAR100_resnet_medium_prop_idx_1798_sidx_1061_eps_0.0039.vnnlib,.057460959,unsat,75.705845994
cifar100_2024,vnncomp2025_benchmarks/benchmarks/cifar100_2024/onnx/CIFAR100_resnet_medium.onnx,vnncomp2025_benchmarks/benchmarks/cifar100_2024/vnnlib/CIFAR100_resnet_medium_prop_idx_8450_sidx_9332_eps_0.0039.vnnlib,.070437506,unsat,75.111526174
cifar100_2024,vnncomp2025_benchmarks/benchmarks/cifar100_2024/onnx/CIFAR100_resnet_medium.onnx,vnncomp2025_benchmarks/benchmarks/cifar100_2024/vnnlib/CIFAR100_resnet_medium_prop_idx_1592_sidx_3741_eps_0.0039.vnnlib,.184229228,unsat,75.034031355
cifar100_2024,vnncomp2025_benchmarks/benchmarks/cifar100_2024/onnx/CIFAR100_resnet_medium.onnx,vnncomp2025_benchmarks/benchmarks/cifar100_2024/vnnlib/CIFAR100_resnet_medium_prop_idx_230_sidx_1968_eps_0.0039.vnnlib,.078906161,unsat,76.103351980
cifar100_2024,vnncomp2025_benchmarks/benchmarks/cifar100_2024/onnx/CIFAR100_resnet_medium.onnx,vnncomp2025_benchmarks/benchmarks/cifar100_2024/vnnlib/CIFAR100_resnet_medium_prop_idx_5791_sidx_5659_eps_0.0039.vnnlib,.284489667,unsat,76.351149953
cifar100_2024,vnncomp2025_benchmarks/benchmarks/cifar100_2024/onnx/CIFAR100_resnet_medium.onnx,vnncomp2025_benchmarks/benchmarks/cifar100_2024/vnnlib/CIFAR100_resnet_medium_prop_idx_4475_sidx_752_eps_0.0039.vnnlib,.050319422,unsat,76.512779703
cifar100_2024,vnncomp2025_benchmarks/benchmarks/cifar100_2024/onnx/CIFAR100_resnet_medium.onnx,vnncomp2025_benchmarks/benchmarks/cifar100_2024/vnnlib/CIFAR100_resnet_medium_prop_idx_3247_sidx_1605_eps_0.0039.vnnlib,.162203386,unsat,75.442882759
cifar100_2024,vnncomp2025_benchmarks/benchmarks/cifar100_2024/onnx/CIFAR100_resnet_medium.onnx,vnncomp2025_benchmarks/benchmarks/cifar100_2024/vnnlib/CIFAR100_resnet_medium_prop_idx_2557_sidx_6196_eps_0.0039.vnnlib,.069171279,unsat,75.878088239
cifar100_2024,vnncomp2025_benchmarks/benchmarks/cifar100_2024/onnx/CIFAR100_resnet_medium.onnx,vnncomp2025_benchmarks/benchmarks/cifar100_2024/vnnlib/CIFAR100_resnet_medium_prop_idx_4191_sidx_3301_eps_0.0039.vnnlib,.258280129,unsat,75.570999746
cifar100_2024,vnncomp2025_benchmarks/benchmarks/cifar100_2024/onnx/CIFAR100_resnet_medium.onnx,vnncomp2025_benchmarks/benchmarks/cifar100_2024/vnnlib/CIFAR100_resnet_medium_prop_idx_2697_sidx_4836_eps_0.0039.vnnlib,.061839510,unknown,74.981779352
cifar100_2024,vnncomp2025_benchmarks/benchmarks/cifar100_2024/onnx/CIFAR100_resnet_medium.onnx,vnncomp2025_benchmarks/benchmarks/cifar100_2024/vnnlib/CIFAR100_resnet_medium_prop_idx_9665_sidx_9074_eps_0.0039.vnnlib,.081497448,unsat,75.544719170
cifar100_2024,vnncomp2025_benchmarks/benchmarks/cifar100_2024/onnx/CIFAR100_resnet_medium.onnx,vnncomp2025_benchmarks/benchmarks/cifar100_2024/vnnlib/CIFAR100_resnet_medium_prop_idx_9518_sidx_9183_eps_0.0039.vnnlib,.145864845,unsat,74.696506660
cifar100_2024,vnncomp2025_benchmarks/benchmarks/cifar100_2024/onnx/CIFAR100_resnet_medium.onnx,vnncomp2025_benchmarks/benchmarks/cifar100_2024/vnnlib/CIFAR100_resnet_medium_prop_idx_5973_sidx_7841_eps_0.0039.vnnlib,.090276035,unsat,75.531435196
cifar100_2024,vnncomp2025_benchmarks/benchmarks/cifar100_2024/onnx/CIFAR100_resnet_medium.onnx,vnncomp2025_benchmarks/benchmarks/cifar100_2024/vnnlib/CIFAR100_resnet_medium_prop_idx_9845_sidx_200_eps_0.0039.vnnlib,.053986651,unknown,75.531155901
cifar100_2024,vnncomp2025_benchmarks/benchmarks/cifar100_2024/onnx/CIFAR100_resnet_medium.onnx,vnncomp2025_benchmarks/benchmarks/cifar100_2024/vnnlib/CIFAR100_resnet_medium_prop_idx_2779_sidx_6416_eps_0.0039.vnnlib,.079816890,unsat,75.709605798
cifar100_2024,vnncomp2025_benchmarks/benchmarks/cifar100_2024/onnx/CIFAR100_resnet_medium.onnx,vnncomp2025_benchmarks/benchmarks/cifar100_2024/vnnlib/CIFAR100_resnet_medium_prop_idx_6292_sidx_5430_eps_0.0039.vnnlib,.130450628,unsat,75.219598085
cifar100_2024,vnncomp2025_benchmarks/benchmarks/cifar100_2024/onnx/CIFAR100_resnet_medium.onnx,vnncomp2025_benchmarks/benchmarks/cifar100_2024/vnnlib/CIFAR100_resnet_medium_prop_idx_8642_sidx_9095_eps_0.0039.vnnlib,.083649016,unsat,75.813027408
cifar100_2024,vnncomp2025_benchmarks/benchmarks/cifar100_2024/onnx/CIFAR100_resnet_medium.onnx,vnncomp2025_benchmarks/benchmarks/cifar100_2024/vnnlib/CIFAR100_resnet_medium_prop_idx_6049_sidx_4719_eps_0.0039.vnnlib,.223696943,unsat,75.486878781
cifar100_2024,vnncomp2025_benchmarks/benchmarks/cifar100_2024/onnx/CIFAR100_resnet_medium.onnx,vnncomp2025_benchmarks/benchmarks/cifar100_2024/vnnlib/CIFAR100_resnet_medium_prop_idx_8739_sidx_1540_eps_0.0039.vnnlib,.062257245,unsat,75.827051851
cifar100_2024,vnncomp2025_benchmarks/benchmarks/cifar100_2024/onnx/CIFAR100_resnet_medium.onnx,vnncomp2025_benchmarks/benchmarks/cifar100_2024/vnnlib/CIFAR100_resnet_medium_prop_idx_7034_sidx_4129_eps_0.0039.vnnlib,.042983254,unsat,76.256607468
cifar100_2024,vnncomp2025_benchmarks/benchmarks/cifar100_2024/onnx/CIFAR100_resnet_medium.onnx,vnncomp2025_benchmarks/benchmarks/cifar100_2024/vnnlib/CIFAR100_resnet_medium_prop_idx_1498_sidx_792_eps_0.0039.vnnlib,.194743051,unsat,75.078978319
cifar100_2024,vnncomp2025_benchmarks/benchmarks/cifar100_2024/onnx/CIFAR100_resnet_medium.onnx,vnncomp2025_benchmarks/benchmarks/cifar100_2024/vnnlib/CIFAR100_resnet_medium_prop_idx_3898_sidx_9109_eps_0.0039.vnnlib,.117044937,unsat,75.994582213
cifar100_2024,vnncomp2025_benchmarks/benchmarks/cifar100_2024/onnx/CIFAR100_resnet_medium.onnx,vnncomp2025_benchmarks/benchmarks/cifar100_2024/vnnlib/CIFAR100_resnet_medium_prop_idx_854_sidx_6893_eps_0.0039.vnnlib,.060726319,unsat,76.182610646
cifar100_2024,vnncomp2025_benchmarks/benchmarks/cifar100_2024/onnx/CIFAR100_resnet_medium.onnx,vnncomp2025_benchmarks/benchmarks/cifar100_2024/vnnlib/CIFAR100_resnet_medium_prop_idx_9502_sidx_7197_eps_0.0039.vnnlib,.313788774,unsat,75.357391954
cifar100_2024,vnncomp2025_benchmarks/benchmarks/cifar100_2024/onnx/CIFAR100_resnet_medium.onnx,vnncomp2025_benchmarks/benchmarks/cifar100_2024/vnnlib/CIFAR100_resnet_medium_prop_idx_2551_sidx_9941_eps_0.0039.vnnlib,.105869760,unsat,75.672825966
cifar100_2024,vnncomp2025_benchmarks/benchmarks/cifar100_2024/onnx/CIFAR100_resnet_medium.onnx,vnncomp2025_benchmarks/benchmarks/cifar100_2024/vnnlib/CIFAR100_resnet_medium_prop_idx_7658_sidx_1537_eps_0.0039.vnnlib,.057363061,unsat,76.033897025
cifar100_2024,vnncomp2025_benchmarks/benchmarks/cifar100_2024/onnx/CIFAR100_resnet_medium.onnx,vnncomp2025_benchmarks/benchmarks/cifar100_2024/vnnlib/CIFAR100_resnet_medium_prop_idx_9726_sidx_4400_eps_0.0039.vnnlib,.061668010,unsat,75.819713395
cifar100_2024,vnncomp2025_benchmarks/benchmarks/cifar100_2024/onnx/CIFAR100_resnet_medium.onnx,vnncomp2025_benchmarks/benchmarks/cifar100_2024/vnnlib/CIFAR100_resnet_medium_prop_idx_9313_sidx_6462_eps_0.0039.vnnlib,.107480645,unsat,75.804078389
cifar100_2024,vnncomp2025_benchmarks/benchmarks/cifar100_2024/onnx/CIFAR100_resnet_medium.onnx,vnncomp2025_benchmarks/benchmarks/cifar100_2024/vnnlib/CIFAR100_resnet_medium_prop_idx_815_sidx_1902_eps_0.0039.vnnlib,.085962912,unsat,75.884172065
cifar100_2024,vnncomp2025_benchmarks/benchmarks/cifar100_2024/onnx/CIFAR100_resnet_medium.onnx,vnncomp2025_benchmarks/benchmarks/cifar100_2024/vnnlib/CIFAR100_resnet_medium_prop_idx_6491_sidx_3620_eps_0.0039.vnnlib,.056726720,unsat,76.474575806
cifar100_2024,vnncomp2025_benchmarks/benchmarks/cifar100_2024/onnx/CIFAR100_resnet_medium.onnx,vnncomp2025_benchmarks/benchmarks/cifar100_2024/vnnlib/CIFAR100_resnet_medium_prop_idx_4605_sidx_6225_eps_0.0039.vnnlib,.241916588,unsat,75.533931607
cifar100_2024,vnncomp2025_benchmarks/benchmarks/cifar100_2024/onnx/CIFAR100_resnet_medium.onnx,vnncomp2025_benchmarks/benchmarks/cifar100_2024/vnnlib/CIFAR100_resnet_medium_prop_idx_2352_sidx_2704_eps_0.0039.vnnlib,.098711555,unsat,76.878121311
cifar100_2024,vnncomp2025_benchmarks/benchmarks/cifar100_2024/onnx/CIFAR100_resnet_medium.onnx,vnncomp2025_benchmarks/benchmarks/cifar100_2024/vnnlib/CIFAR100_resnet_medium_prop_idx_1642_sidx_7494_eps_0.0039.vnnlib,.139779921,unsat,76.175316440
cifar100_2024,vnncomp2025_benchmarks/benchmarks/cifar100_2024/onnx/CIFAR100_resnet_medium.onnx,vnncomp2025_benchmarks/benchmarks/cifar100_2024/vnnlib/CIFAR100_resnet_medium_prop_idx_8502_sidx_2893_eps_0.0039.vnnlib,.078227845,unsat,75.564911258
cifar100_2024,vnncomp2025_benchmarks/benchmarks/cifar100_2024/onnx/CIFAR100_resnet_medium.onnx,vnncomp2025_benchmarks/benchmarks/cifar100_2024/vnnlib/CIFAR100_resnet_medium_prop_idx_4964_sidx_5266_eps_0.0039.vnnlib,.085778517,unsat,76.002212817
cifar100_2024,vnncomp2025_benchmarks/benchmarks/cifar100_2024/onnx/CIFAR100_resnet_medium.onnx,vnncomp2025_benchmarks/benchmarks/cifar100_2024/vnnlib/CIFAR100_resnet_medium_prop_idx_6369_sidx_8824_eps_0.0039.vnnlib,.150563457,unsat,75.553595835
cifar100_2024,vnncomp2025_benchmarks/benchmarks/cifar100_2024/onnx/CIFAR100_resnet_medium.onnx,vnncomp2025_benchmarks/benchmarks/cifar100_2024/vnnlib/CIFAR100_resnet_medium_prop_idx_966_sidx_2330_eps_0.0039.vnnlib,.093545052,unsat,75.538014513
cifar100_2024,vnncomp2025_benchmarks/benchmarks/cifar100_2024/onnx/CIFAR100_resnet_medium.onnx,vnncomp2025_benchmarks/benchmarks/cifar100_2024/vnnlib/CIFAR100_resnet_medium_prop_idx_9162_sidx_4337_eps_0.0039.vnnlib,.070904698,unsat,75.726548326
cifar100_2024,vnncomp2025_benchmarks/benchmarks/cifar100_2024/onnx/CIFAR100_resnet_medium.onnx,vnncomp2025_benchmarks/benchmarks/cifar100_2024/vnnlib/CIFAR100_resnet_medium_prop_idx_425_sidx_9099_eps_0.0039.vnnlib,.144588916,unsat,75.533017219
cifar100_2024,vnncomp2025_benchmarks/benchmarks/cifar100_2024/onnx/CIFAR100_resnet_medium.onnx,vnncomp2025_benchmarks/benchmarks/cifar100_2024/vnnlib/CIFAR100_resnet_medium_prop_idx_4898_sidx_6695_eps_0.0039.vnnlib,.121967500,unsat,75.659320477
cifar100_2024,vnncomp2025_benchmarks/benchmarks/cifar100_2024/onnx/CIFAR100_resnet_medium.onnx,vnncomp2025_benchmarks/benchmarks/cifar100_2024/vnnlib/CIFAR100_resnet_medium_prop_idx_7500_sidx_40_eps_0.0039.vnnlib,.098195121,unsat,76.067460797
cifar100_2024,vnncomp2025_benchmarks/benchmarks/cifar100_2024/onnx/CIFAR100_resnet_medium.onnx,vnncomp2025_benchmarks/benchmarks/cifar100_2024/vnnlib/CIFAR100_resnet_medium_prop_idx_7176_sidx_1522_eps_0.0039.vnnlib,.324374159,unsat,75.341994576
cifar100_2024,vnncomp2025_benchmarks/benchmarks/cifar100_2024/onnx/CIFAR100_resnet_medium.onnx,vnncomp2025_benchmarks/benchmarks/cifar100_2024/vnnlib/CIFAR100_resnet_medium_prop_idx_2050_sidx_8228_eps_0.0039.vnnlib,.059971474,unsat,75.430288254
cifar100_2024,vnncomp2025_benchmarks/benchmarks/cifar100_2024/onnx/CIFAR100_resnet_medium.onnx,vnncomp2025_benchmarks/benchmarks/cifar100_2024/vnnlib/CIFAR100_resnet_medium_prop_idx_7470_sidx_4555_eps_0.0039.vnnlib,.063681779,unsat,75.888189350
cifar100_2024,vnncomp2025_benchmarks/benchmarks/cifar100_2024/onnx/CIFAR100_resnet_medium.onnx,vnncomp2025_benchmarks/benchmarks/cifar100_2024/vnnlib/CIFAR100_resnet_medium_prop_idx_5797_sidx_6343_eps_0.0039.vnnlib,.128463961,unsat,75.492155350
cifar100_2024,vnncomp2025_benchmarks/benchmarks/cifar100_2024/onnx/CIFAR100_resnet_medium.onnx,vnncomp2025_benchmarks/benchmarks/cifar100_2024/vnnlib/CIFAR100_resnet_medium_prop_idx_5894_sidx_5577_eps_0.0039.vnnlib,.193988689,unknown,75.168538758
cifar100_2024,vnncomp2025_benchmarks/benchmarks/cifar100_2024/onnx/CIFAR100_resnet_medium.onnx,vnncomp2025_benchmarks/benchmarks/cifar100_2024/vnnlib/CIFAR100_resnet_medium_prop_idx_3852_sidx_2848_eps_0.0039.vnnlib,.077397429,unsat,75.871261552
cifar100_2024,vnncomp2025_benchmarks/benchmarks/cifar100_2024/onnx/CIFAR100_resnet_medium.onnx,vnncomp2025_benchmarks/benchmarks/cifar100_2024/vnnlib/CIFAR100_resnet_medium_prop_idx_2925_sidx_8815_eps_0.0039.vnnlib,.142593747,unsat,75.618210394
cifar100_2024,vnncomp2025_benchmarks/benchmarks/cifar100_2024/onnx/CIFAR100_resnet_large.onnx,vnncomp2025_benchmarks/benchmarks/cifar100_2024/vnnlib/CIFAR100_resnet_large_prop_idx_496_sidx_1194_eps_0.0039.vnnlib,.072695198,unsat,78.414983046
cifar100_2024,vnncomp2025_benchmarks/benchmarks/cifar100_2024/onnx/CIFAR100_resnet_large.onnx,vnncomp2025_benchmarks/benchmarks/cifar100_2024/vnnlib/CIFAR100_resnet_large_prop_idx_4385_sidx_9116_eps_0.0039.vnnlib,.094760494,unsat,77.115915077
cifar100_2024,vnncomp2025_benchmarks/benchmarks/cifar100_2024/onnx/CIFAR100_resnet_large.onnx,vnncomp2025_benchmarks/benchmarks/cifar100_2024/vnnlib/CIFAR100_resnet_large_prop_idx_5308_sidx_1650_eps_0.0039.vnnlib,.079612023,unsat,77.365438433
cifar100_2024,vnncomp2025_benchmarks/benchmarks/cifar100_2024/onnx/CIFAR100_resnet_large.onnx,vnncomp2025_benchmarks/benchmarks/cifar100_2024/vnnlib/CIFAR100_resnet_large_prop_idx_4757_sidx_803_eps_0.0039.vnnlib,.046726843,unsat,77.725724803
cifar100_2024,vnncomp2025_benchmarks/benchmarks/cifar100_2024/onnx/CIFAR100_resnet_large.onnx,vnncomp2025_benchmarks/benchmarks/cifar100_2024/vnnlib/CIFAR100_resnet_large_prop_idx_4227_sidx_5883_eps_0.0039.vnnlib,.150178851,unsat,77.981493771
cifar100_2024,vnncomp2025_benchmarks/benchmarks/cifar100_2024/onnx/CIFAR100_resnet_large.onnx,vnncomp2025_benchmarks/benchmarks/cifar100_2024/vnnlib/CIFAR100_resnet_large_prop_idx_8589_sidx_3105_eps_0.0039.vnnlib,.107677862,unsat,77.558109942
cifar100_2024,vnncomp2025_benchmarks/benchmarks/cifar100_2024/onnx/CIFAR100_resnet_large.onnx,vnncomp2025_benchmarks/benchmarks/cifar100_2024/vnnlib/CIFAR100_resnet_large_prop_idx_8476_sidx_3906_eps_0.0039.vnnlib,.165438011,unsat,77.707107445
cifar100_2024,vnncomp2025_benchmarks/benchmarks/cifar100_2024/onnx/CIFAR100_resnet_large.onnx,vnncomp2025_benchmarks/benchmarks/cifar100_2024/vnnlib/CIFAR100_resnet_large_prop_idx_1456_sidx_5797_eps_0.0039.vnnlib,.300810695,unsat,77.416054675
cifar100_2024,vnncomp2025_benchmarks/benchmarks/cifar100_2024/onnx/CIFAR100_resnet_large.onnx,vnncomp2025_benchmarks/benchmarks/cifar100_2024/vnnlib/CIFAR100_resnet_large_prop_idx_998_sidx_7605_eps_0.0039.vnnlib,.058349602,unsat,77.985533212
cifar100_2024,vnncomp2025_benchmarks/benchmarks/cifar100_2024/onnx/CIFAR100_resnet_large.onnx,vnncomp2025_benchmarks/benchmarks/cifar100_2024/vnnlib/CIFAR100_resnet_large_prop_idx_9778_sidx_7516_eps_0.0039.vnnlib,.102516717,unsat,77.937596641
cifar100_2024,vnncomp2025_benchmarks/benchmarks/cifar100_2024/onnx/CIFAR100_resnet_large.onnx,vnncomp2025_benchmarks/benchmarks/cifar100_2024/vnnlib/CIFAR100_resnet_large_prop_idx_1063_sidx_7948_eps_0.0039.vnnlib,.062855803,unsat,78.034037159
cifar100_2024,vnncomp2025_benchmarks/benchmarks/cifar100_2024/onnx/CIFAR100_resnet_large.onnx,vnncomp2025_benchmarks/benchmarks/cifar100_2024/vnnlib/CIFAR100_resnet_large_prop_idx_1426_sidx_3855_eps_0.0039.vnnlib,.145557347,unsat,77.591405028
cifar100_2024,vnncomp2025_benchmarks/benchmarks/cifar100_2024/onnx/CIFAR100_resnet_large.onnx,vnncomp2025_benchmarks/benchmarks/cifar100_2024/vnnlib/CIFAR100_resnet_large_prop_idx_3355_sidx_212_eps_0.0039.vnnlib,.342555119,unsat,77.402902716
cifar100_2024,vnncomp2025_benchmarks/benchmarks/cifar100_2024/onnx/CIFAR100_resnet_large.onnx,vnncomp2025_benchmarks/benchmarks/cifar100_2024/vnnlib/CIFAR100_resnet_large_prop_idx_1439_sidx_8354_eps_0.0039.vnnlib,.129241672,unsat,78.024462565
cifar100_2024,vnncomp2025_benchmarks/benchmarks/cifar100_2024/onnx/CIFAR100_resnet_large.onnx,vnncomp2025_benchmarks/benchmarks/cifar100_2024/vnnlib/CIFAR100_resnet_large_prop_idx_3585_sidx_3469_eps_0.0039.vnnlib,.048591881,unsat,77.729722331
cifar100_2024,vnncomp2025_benchmarks/benchmarks/cifar100_2024/onnx/CIFAR100_resnet_large.onnx,vnncomp2025_benchmarks/benchmarks/cifar100_2024/vnnlib/CIFAR100_resnet_large_prop_idx_2636_sidx_1992_eps_0.0039.vnnlib,.071087400,unsat,78.386520683
cifar100_2024,vnncomp2025_benchmarks/benchmarks/cifar100_2024/onnx/CIFAR100_resnet_large.onnx,vnncomp2025_benchmarks/benchmarks/cifar100_2024/vnnlib/CIFAR100_resnet_large_prop_idx_6101_sidx_3593_eps_0.0039.vnnlib,.217491808,unsat,77.165523666
cifar100_2024,vnncomp2025_benchmarks/benchmarks/cifar100_2024/onnx/CIFAR100_resnet_large.onnx,vnncomp2025_benchmarks/benchmarks/cifar100_2024/vnnlib/CIFAR100_resnet_large_prop_idx_1059_sidx_6596_eps_0.0039.vnnlib,.144263114,unsat,77.412795575
cifar100_2024,vnncomp2025_benchmarks/benchmarks/cifar100_2024/onnx/CIFAR100_resnet_large.onnx,vnncomp2025_benchmarks/benchmarks/cifar100_2024/vnnlib/CIFAR100_resnet_large_prop_idx_9773_sidx_3718_eps_0.0039.vnnlib,.192341142,unknown,77.809209362
cifar100_2024,vnncomp2025_benchmarks/benchmarks/cifar100_2024/onnx/CIFAR100_resnet_large.onnx,vnncomp2025_benchmarks/benchmarks/cifar100_2024/vnnlib/CIFAR100_resnet_large_prop_idx_7890_sidx_4421_eps_0.0039.vnnlib,.045973406,unsat,78.365143193
cifar100_2024,vnncomp2025_benchmarks/benchmarks/cifar100_2024/onnx/CIFAR100_resnet_large.onnx,vnncomp2025_benchmarks/benchmarks/cifar100_2024/vnnlib/CIFAR100_resnet_large_prop_idx_2993_sidx_2485_eps_0.0039.vnnlib,.134371228,unsat,77.914999337
cifar100_2024,vnncomp2025_benchmarks/benchmarks/cifar100_2024/onnx/CIFAR100_resnet_large.onnx,vnncomp2025_benchmarks/benchmarks/cifar100_2024/vnnlib/CIFAR100_resnet_large_prop_idx_1105_sidx_9000_eps_0.0039.vnnlib,.142438087,unsat,77.972382903
cifar100_2024,vnncomp2025_benchmarks/benchmarks/cifar100_2024/onnx/CIFAR100_resnet_large.onnx,vnncomp2025_benchmarks/benchmarks/cifar100_2024/vnnlib/CIFAR100_resnet_large_prop_idx_383_sidx_3388_eps_0.0039.vnnlib,.210373243,unsat,77.497142583
cifar100_2024,vnncomp2025_benchmarks/benchmarks/cifar100_2024/onnx/CIFAR100_resnet_large.onnx,vnncomp2025_benchmarks/benchmarks/cifar100_2024/vnnlib/CIFAR100_resnet_large_prop_idx_6341_sidx_3142_eps_0.0039.vnnlib,.046897253,unsat,77.671931655
cifar100_2024,vnncomp2025_benchmarks/benchmarks/cifar100_2024/onnx/CIFAR100_resnet_large.onnx,vnncomp2025_benchmarks/benchmarks/cifar100_2024/vnnlib/CIFAR100_resnet_large_prop_idx_2132_sidx_6868_eps_0.0039.vnnlib,.213529709,unsat,77.569498185
cifar100_2024,vnncomp2025_benchmarks/benchmarks/cifar100_2024/onnx/CIFAR100_resnet_large.onnx,vnncomp2025_benchmarks/benchmarks/cifar100_2024/vnnlib/CIFAR100_resnet_large_prop_idx_3443_sidx_918_eps_0.0039.vnnlib,.099599528,unsat,78.464413209
cifar100_2024,vnncomp2025_benchmarks/benchmarks/cifar100_2024/onnx/CIFAR100_resnet_large.onnx,vnncomp2025_benchmarks/benchmarks/cifar100_2024/vnnlib/CIFAR100_resnet_large_prop_idx_8119_sidx_972_eps_0.0039.vnnlib,.101766011,unsat,77.914355664
cifar100_2024,vnncomp2025_benchmarks/benchmarks/cifar100_2024/onnx/CIFAR100_resnet_large.onnx,vnncomp2025_benchmarks/benchmarks/cifar100_2024/vnnlib/CIFAR100_resnet_large_prop_idx_484_sidx_161_eps_0.0039.vnnlib,.186407572,unsat,78.814699996
cifar100_2024,vnncomp2025_benchmarks/benchmarks/cifar100_2024/onnx/CIFAR100_resnet_large.onnx,vnncomp2025_benchmarks/benchmarks/cifar100_2024/vnnlib/CIFAR100_resnet_large_prop_idx_62_sidx_313_eps_0.0039.vnnlib,.090036852,unsat,77.878508230
cifar100_2024,vnncomp2025_benchmarks/benchmarks/cifar100_2024/onnx/CIFAR100_resnet_large.onnx,vnncomp2025_benchmarks/benchmarks/cifar100_2024/vnnlib/CIFAR100_resnet_large_prop_idx_6269_sidx_6873_eps_0.0039.vnnlib,.069629892,unsat,78.522360136
cifar100_2024,vnncomp2025_benchmarks/benchmarks/cifar100_2024/onnx/CIFAR100_resnet_large.onnx,vnncomp2025_benchmarks/benchmarks/cifar100_2024/vnnlib/CIFAR100_resnet_large_prop_idx_3703_sidx_3842_eps_0.0039.vnnlib,.079586959,unsat,78.457120810
cifar100_2024,vnncomp2025_benchmarks/benchmarks/cifar100_2024/onnx/CIFAR100_resnet_large.onnx,vnncomp2025_benchmarks/benchmarks/cifar100_2024/vnnlib/CIFAR100_resnet_large_prop_idx_2998_sidx_6947_eps_0.0039.vnnlib,.095760336,unsat,78.297876272
cifar100_2024,vnncomp2025_benchmarks/benchmarks/cifar100_2024/onnx/CIFAR100_resnet_large.onnx,vnncomp2025_benchmarks/benchmarks/cifar100_2024/vnnlib/CIFAR100_resnet_large_prop_idx_7926_sidx_589_eps_0.0039.vnnlib,.076443264,unsat,77.782142194
cifar100_2024,vnncomp2025_benchmarks/benchmarks/cifar100_2024/onnx/CIFAR100_resnet_large.onnx,vnncomp2025_benchmarks/benchmarks/cifar100_2024/vnnlib/CIFAR100_resnet_large_prop_idx_3681_sidx_4987_eps_0.0039.vnnlib,.065721548,unsat,77.948799260
cifar100_2024,vnncomp2025_benchmarks/benchmarks/cifar100_2024/onnx/CIFAR100_resnet_large.onnx,vnncomp2025_benchmarks/benchmarks/cifar100_2024/vnnlib/CIFAR100_resnet_large_prop_idx_5410_sidx_2762_eps_0.0039.vnnlib,.100976165,unsat,78.601073463
cifar100_2024,vnncomp2025_benchmarks/benchmarks/cifar100_2024/onnx/CIFAR100_resnet_large.onnx,vnncomp2025_benchmarks/benchmarks/cifar100_2024/vnnlib/CIFAR100_resnet_large_prop_idx_1280_sidx_5310_eps_0.0039.vnnlib,.048224570,unsat,78.006193480
cifar100_2024,vnncomp2025_benchmarks/benchmarks/cifar100_2024/onnx/CIFAR100_resnet_large.onnx,vnncomp2025_benchmarks/benchmarks/cifar100_2024/vnnlib/CIFAR100_resnet_large_prop_idx_7233_sidx_4318_eps_0.0039.vnnlib,.071764773,unsat,79.229717373
cifar100_2024,vnncomp2025_benchmarks/benchmarks/cifar100_2024/onnx/CIFAR100_resnet_large.onnx,vnncomp2025_benchmarks/benchmarks/cifar100_2024/vnnlib/CIFAR100_resnet_large_prop_idx_2724_sidx_6459_eps_0.0039.vnnlib,.149375253,unsat,78.564686113
cifar100_2024,vnncomp2025_benchmarks/benchmarks/cifar100_2024/onnx/CIFAR100_resnet_large.onnx,vnncomp2025_benchmarks/benchmarks/cifar100_2024/vnnlib/CIFAR100_resnet_large_prop_idx_3894_sidx_5803_eps_0.0039.vnnlib,.143281647,unsat,77.753430521
cifar100_2024,vnncomp2025_benchmarks/benchmarks/cifar100_2024/onnx/CIFAR100_resnet_large.onnx,vnncomp2025_benchmarks/benchmarks/cifar100_2024/vnnlib/CIFAR100_resnet_large_prop_idx_3858_sidx_134_eps_0.0039.vnnlib,.175339194,unsat,77.645277192
cifar100_2024,vnncomp2025_benchmarks/benchmarks/cifar100_2024/onnx/CIFAR100_resnet_large.onnx,vnncomp2025_benchmarks/benchmarks/cifar100_2024/vnnlib/CIFAR100_resnet_large_prop_idx_8005_sidx_2582_eps_0.0039.vnnlib,.169453249,unsat,77.993306197
cifar100_2024,vnncomp2025_benchmarks/benchmarks/cifar100_2024/onnx/CIFAR100_resnet_large.onnx,vnncomp2025_benchmarks/benchmarks/cifar100_2024/vnnlib/CIFAR100_resnet_large_prop_idx_1298_sidx_33_eps_0.0039.vnnlib,.067512602,unsat,77.565416106
cifar100_2024,vnncomp2025_benchmarks/benchmarks/cifar100_2024/onnx/CIFAR100_resnet_large.onnx,vnncomp2025_benchmarks/benchmarks/cifar100_2024/vnnlib/CIFAR100_resnet_large_prop_idx_9935_sidx_75_eps_0.0039.vnnlib,.050392580,unsat,77.934027811
cifar100_2024,vnncomp2025_benchmarks/benchmarks/cifar100_2024/onnx/CIFAR100_resnet_large.onnx,vnncomp2025_benchmarks/benchmarks/cifar100_2024/vnnlib/CIFAR100_resnet_large_prop_idx_276_sidx_476_eps_0.0039.vnnlib,.078494919,unsat,78.648573126
cifar100_2024,vnncomp2025_benchmarks/benchmarks/cifar100_2024/onnx/CIFAR100_resnet_large.onnx,vnncomp2025_benchmarks/benchmarks/cifar100_2024/vnnlib/CIFAR100_resnet_large_prop_idx_1913_sidx_2767_eps_0.0039.vnnlib,.083249964,unsat,77.567862888
cifar100_2024,vnncomp2025_benchmarks/benchmarks/cifar100_2024/onnx/CIFAR100_resnet_large.onnx,vnncomp2025_benchmarks/benchmarks/cifar100_2024/vnnlib/CIFAR100_resnet_large_prop_idx_1309_sidx_8525_eps_0.0039.vnnlib,.046606045,unsat,77.307147968
cifar100_2024,vnncomp2025_benchmarks/benchmarks/cifar100_2024/onnx/CIFAR100_resnet_large.onnx,vnncomp2025_benchmarks/benchmarks/cifar100_2024/vnnlib/CIFAR100_resnet_large_prop_idx_4862_sidx_9853_eps_0.0039.vnnlib,.084759753,unsat,77.513866305
cifar100_2024,vnncomp2025_benchmarks/benchmarks/cifar100_2024/onnx/CIFAR100_resnet_large.onnx,vnncomp2025_benchmarks/benchmarks/cifar100_2024/vnnlib/CIFAR100_resnet_large_prop_idx_7554_sidx_8201_eps_0.0039.vnnlib,.098158579,unsat,77.709194846
cifar100_2024,vnncomp2025_benchmarks/benchmarks/cifar100_2024/onnx/CIFAR100_resnet_large.onnx,vnncomp2025_benchmarks/benchmarks/cifar100_2024/vnnlib/CIFAR100_resnet_large_prop_idx_4571_sidx_3801_eps_0.0039.vnnlib,.128082649,unknown,79.243839308
cifar100_2024,vnncomp2025_benchmarks/benchmarks/cifar100_2024/onnx/CIFAR100_resnet_large.onnx,vnncomp2025_benchmarks/benchmarks/cifar100_2024/vnnlib/CIFAR100_resnet_large_prop_idx_5769_sidx_1524_eps_0.0039.vnnlib,.101395957,unsat,78.376648331
cifar100_2024,vnncomp2025_benchmarks/benchmarks/cifar100_2024/onnx/CIFAR100_resnet_large.onnx,vnncomp2025_benchmarks/benchmarks/cifar100_2024/vnnlib/CIFAR100_resnet_large_prop_idx_8748_sidx_4804_eps_0.0039.vnnlib,.190668176,unsat,77.682766031
cifar100_2024,vnncomp2025_benchmarks/benchmarks/cifar100_2024/onnx/CIFAR100_resnet_large.onnx,vnncomp2025_benchmarks/benchmarks/cifar100_2024/vnnlib/CIFAR100_resnet_large_prop_idx_3950_sidx_4217_eps_0.0039.vnnlib,.076494892,unsat,77.658720376
cifar100_2024,vnncomp2025_benchmarks/benchmarks/cifar100_2024/onnx/CIFAR100_resnet_large.onnx,vnncomp2025_benchmarks/benchmarks/cifar100_2024/vnnlib/CIFAR100_resnet_large_prop_idx_7886_sidx_7064_eps_0.0039.vnnlib,.109620780,unsat,77.861476370
cifar100_2024,vnncomp2025_benchmarks/benchmarks/cifar100_2024/onnx/CIFAR100_resnet_large.onnx,vnncomp2025_benchmarks/benchmarks/cifar100_2024/vnnlib/CIFAR100_resnet_large_prop_idx_4652_sidx_1371_eps_0.0039.vnnlib,.054224189,unsat,79.155354602
cifar100_2024,vnncomp2025_benchmarks/benchmarks/cifar100_2024/onnx/CIFAR100_resnet_large.onnx,vnncomp2025_benchmarks/benchmarks/cifar100_2024/vnnlib/CIFAR100_resnet_large_prop_idx_1938_sidx_6556_eps_0.0039.vnnlib,.158328514,unsat,78.299931923
cifar100_2024,vnncomp2025_benchmarks/benchmarks/cifar100_2024/onnx/CIFAR100_resnet_large.onnx,vnncomp2025_benchmarks/benchmarks/cifar100_2024/vnnlib/CIFAR100_resnet_large_prop_idx_8332_sidx_4482_eps_0.0039.vnnlib,.093195180,unsat,77.681431172
cifar100_2024,vnncomp2025_benchmarks/benchmarks/cifar100_2024/onnx/CIFAR100_resnet_large.onnx,vnncomp2025_benchmarks/benchmarks/cifar100_2024/vnnlib/CIFAR100_resnet_large_prop_idx_2302_sidx_3657_eps_0.0039.vnnlib,.121139244,unsat,78.282366634
cifar100_2024,vnncomp2025_benchmarks/benchmarks/cifar100_2024/onnx/CIFAR100_resnet_large.onnx,vnncomp2025_benchmarks/benchmarks/cifar100_2024/vnnlib/CIFAR100_resnet_large_prop_idx_7104_sidx_9469_eps_0.0039.vnnlib,.210761477,unsat,79.584449699
cifar100_2024,vnncomp2025_benchmarks/benchmarks/cifar100_2024/onnx/CIFAR100_resnet_large.onnx,vnncomp2025_benchmarks/benchmarks/cifar100_2024/vnnlib/CIFAR100_resnet_large_prop_idx_2783_sidx_8903_eps_0.0039.vnnlib,.034070289,unsat,78.307338635
cifar100_2024,vnncomp2025_benchmarks/benchmarks/cifar100_2024/onnx/CIFAR100_resnet_large.onnx,vnncomp2025_benchmarks/benchmarks/cifar100_2024/vnnlib/CIFAR100_resnet_large_prop_idx_6491_sidx_3620_eps_0.0039.vnnlib,.117741336,unsat,77.766842806
cifar100_2024,vnncomp2025_benchmarks/benchmarks/cifar100_2024/onnx/CIFAR100_resnet_large.onnx,vnncomp2025_benchmarks/benchmarks/cifar100_2024/vnnlib/CIFAR100_resnet_large_prop_idx_5162_sidx_8126_eps_0.0039.vnnlib,.119553925,unsat,78.356993745
cifar100_2024,vnncomp2025_benchmarks/benchmarks/cifar100_2024/onnx/CIFAR100_resnet_large.onnx,vnncomp2025_benchmarks/benchmarks/cifar100_2024/vnnlib/CIFAR100_resnet_large_prop_idx_8502_sidx_2893_eps_0.0039.vnnlib,.144308016,unsat,77.585330654
cifar100_2024,vnncomp2025_benchmarks/benchmarks/cifar100_2024/onnx/CIFAR100_resnet_large.onnx,vnncomp2025_benchmarks/benchmarks/cifar100_2024/vnnlib/CIFAR100_resnet_large_prop_idx_3143_sidx_9413_eps_0.0039.vnnlib,.134430633,unsat,77.856720056
cifar100_2024,vnncomp2025_benchmarks/benchmarks/cifar100_2024/onnx/CIFAR100_resnet_large.onnx,vnncomp2025_benchmarks/benchmarks/cifar100_2024/vnnlib/CIFAR100_resnet_large_prop_idx_656_sidx_2209_eps_0.0039.vnnlib,.307836052,unsat,78.368209453
cifar100_2024,vnncomp2025_benchmarks/benchmarks/cifar100_2024/onnx/CIFAR100_resnet_large.onnx,vnncomp2025_benchmarks/benchmarks/cifar100_2024/vnnlib/CIFAR100_resnet_large_prop_idx_4322_sidx_9995_eps_0.0039.vnnlib,.176266158,unsat,78.699106676
cifar100_2024,vnncomp2025_benchmarks/benchmarks/cifar100_2024/onnx/CIFAR100_resnet_large.onnx,vnncomp2025_benchmarks/benchmarks/cifar100_2024/vnnlib/CIFAR100_resnet_large_prop_idx_5804_sidx_1885_eps_0.0039.vnnlib,.047087439,unsat,78.255364715
cifar100_2024,vnncomp2025_benchmarks/benchmarks/cifar100_2024/onnx/CIFAR100_resnet_large.onnx,vnncomp2025_benchmarks/benchmarks/cifar100_2024/vnnlib/CIFAR100_resnet_large_prop_idx_2630_sidx_1753_eps_0.0039.vnnlib,.188456023,unsat,78.396616972
cifar100_2024,vnncomp2025_benchmarks/benchmarks/cifar100_2024/onnx/CIFAR100_resnet_large.onnx,vnncomp2025_benchmarks/benchmarks/cifar100_2024/vnnlib/CIFAR100_resnet_large_prop_idx_2461_sidx_2912_eps_0.0039.vnnlib,.337529055,unsat,77.587268971
cifar100_2024,vnncomp2025_benchmarks/benchmarks/cifar100_2024/onnx/CIFAR100_resnet_large.onnx,vnncomp2025_benchmarks/benchmarks/cifar100_2024/vnnlib/CIFAR100_resnet_large_prop_idx_4486_sidx_8828_eps_0.0039.vnnlib,.090218862,unsat,77.840056059
cifar100_2024,vnncomp2025_benchmarks/benchmarks/cifar100_2024/onnx/CIFAR100_resnet_large.onnx,vnncomp2025_benchmarks/benchmarks/cifar100_2024/vnnlib/CIFAR100_resnet_large_prop_idx_5810_sidx_7106_eps_0.0039.vnnlib,.216537051,unsat,77.744674053
cifar100_2024,vnncomp2025_benchmarks/benchmarks/cifar100_2024/onnx/CIFAR100_resnet_large.onnx,vnncomp2025_benchmarks/benchmarks/cifar100_2024/vnnlib/CIFAR100_resnet_large_prop_idx_6343_sidx_1886_eps_0.0039.vnnlib,.381000508,unsat,77.558401047
cifar100_2024,vnncomp2025_benchmarks/benchmarks/cifar100_2024/onnx/CIFAR100_resnet_large.onnx,vnncomp2025_benchmarks/benchmarks/cifar100_2024/vnnlib/CIFAR100_resnet_large_prop_idx_9640_sidx_7273_eps_0.0039.vnnlib,.075789852,unsat,78.559713497
cifar100_2024,vnncomp2025_benchmarks/benchmarks/cifar100_2024/onnx/CIFAR100_resnet_large.onnx,vnncomp2025_benchmarks/benchmarks/cifar100_2024/vnnlib/CIFAR100_resnet_large_prop_idx_5522_sidx_5863_eps_0.0039.vnnlib,.134107633,unsat,78.821204253
cifar100_2024,vnncomp2025_benchmarks/benchmarks/cifar100_2024/onnx/CIFAR100_resnet_large.onnx,vnncomp2025_benchmarks/benchmarks/cifar100_2024/vnnlib/CIFAR100_resnet_large_prop_idx_9460_sidx_4347_eps_0.0039.vnnlib,.102099365,unsat,78.628668924
cifar100_2024,vnncomp2025_benchmarks/benchmarks/cifar100_2024/onnx/CIFAR100_resnet_large.onnx,vnncomp2025_benchmarks/benchmarks/cifar100_2024/vnnlib/CIFAR100_resnet_large_prop_idx_8865_sidx_700_eps_0.0039.vnnlib,.391931625,unsat,78.210568485
cifar100_2024,vnncomp2025_benchmarks/benchmarks/cifar100_2024/onnx/CIFAR100_resnet_large.onnx,vnncomp2025_benchmarks/benchmarks/cifar100_2024/vnnlib/CIFAR100_resnet_large_prop_idx_8395_sidx_8915_eps_0.0039.vnnlib,.191976479,unsat,78.540973040
cifar100_2024,vnncomp2025_benchmarks/benchmarks/cifar100_2024/onnx/CIFAR100_resnet_large.onnx,vnncomp2025_benchmarks/benchmarks/cifar100_2024/vnnlib/CIFAR100_resnet_large_prop_idx_9883_sidx_7162_eps_0.0039.vnnlib,.138372805,unsat,77.994479806
cifar100_2024,vnncomp2025_benchmarks/benchmarks/cifar100_2024/onnx/CIFAR100_resnet_large.onnx,vnncomp2025_benchmarks/benchmarks/cifar100_2024/vnnlib/CIFAR100_resnet_large_prop_idx_3573_sidx_2903_eps_0.0039.vnnlib,.103489455,unsat,79.201485740
cifar100_2024,vnncomp2025_benchmarks/benchmarks/cifar100_2024/onnx/CIFAR100_resnet_large.onnx,vnncomp2025_benchmarks/benchmarks/cifar100_2024/vnnlib/CIFAR100_resnet_large_prop_idx_6418_sidx_7923_eps_0.0039.vnnlib,.152981196,unsat,78.661753091
cifar100_2024,vnncomp2025_benchmarks/benchmarks/cifar100_2024/onnx/CIFAR100_resnet_large.onnx,vnncomp2025_benchmarks/benchmarks/cifar100_2024/vnnlib/CIFAR100_resnet_large_prop_idx_2668_sidx_2652_eps_0.0039.vnnlib,.258281273,unsat,79.323446877
cifar100_2024,vnncomp2025_benchmarks/benchmarks/cifar100_2024/onnx/CIFAR100_resnet_large.onnx,vnncomp2025_benchmarks/benchmarks/cifar100_2024/vnnlib/CIFAR100_resnet_large_prop_idx_1216_sidx_6431_eps_0.0039.vnnlib,.039750799,unsat,78.294880481
cifar100_2024,vnncomp2025_benchmarks/benchmarks/cifar100_2024/onnx/CIFAR100_resnet_large.onnx,vnncomp2025_benchmarks/benchmarks/cifar100_2024/vnnlib/CIFAR100_resnet_large_prop_idx_6583_sidx_8860_eps_0.0039.vnnlib,.195228742,unsat,78.525293753
cifar100_2024,vnncomp2025_benchmarks/benchmarks/cifar100_2024/onnx/CIFAR100_resnet_large.onnx,vnncomp2025_benchmarks/benchmarks/cifar100_2024/vnnlib/CIFAR100_resnet_large_prop_idx_5546_sidx_4338_eps_0.0039.vnnlib,.090246163,unsat,79.124511939
cifar100_2024,vnncomp2025_benchmarks/benchmarks/cifar100_2024/onnx/CIFAR100_resnet_large.onnx,vnncomp2025_benchmarks/benchmarks/cifar100_2024/vnnlib/CIFAR100_resnet_large_prop_idx_9845_sidx_200_eps_0.0039.vnnlib,.229004476,unknown,78.142767274
cifar100_2024,vnncomp2025_benchmarks/benchmarks/cifar100_2024/onnx/CIFAR100_resnet_large.onnx,vnncomp2025_benchmarks/benchmarks/cifar100_2024/vnnlib/CIFAR100_resnet_large_prop_idx_8012_sidx_5910_eps_0.0039.vnnlib,.088980690,unsat,78.436027926
cifar100_2024,vnncomp2025_benchmarks/benchmarks/cifar100_2024/onnx/CIFAR100_resnet_large.onnx,vnncomp2025_benchmarks/benchmarks/cifar100_2024/vnnlib/CIFAR100_resnet_large_prop_idx_7884_sidx_6926_eps_0.0039.vnnlib,.162100928,unsat,78.422028674
cifar100_2024,vnncomp2025_benchmarks/benchmarks/cifar100_2024/onnx/CIFAR100_resnet_large.onnx,vnncomp2025_benchmarks/benchmarks/cifar100_2024/vnnlib/CIFAR100_resnet_large_prop_idx_8381_sidx_4474_eps_0.0039.vnnlib,.127125482,unsat,77.924929685
cifar100_2024,vnncomp2025_benchmarks/benchmarks/cifar100_2024/onnx/CIFAR100_resnet_large.onnx,vnncomp2025_benchmarks/benchmarks/cifar100_2024/vnnlib/CIFAR100_resnet_large_prop_idx_483_sidx_7371_eps_0.0039.vnnlib,.311839115,unsat,79.333216202
cifar100_2024,vnncomp2025_benchmarks/benchmarks/cifar100_2024/onnx/CIFAR100_resnet_large.onnx,vnncomp2025_benchmarks/benchmarks/cifar100_2024/vnnlib/CIFAR100_resnet_large_prop_idx_7640_sidx_9025_eps_0.0039.vnnlib,.251958813,unsat,78.446333324
cifar100_2024,vnncomp2025_benchmarks/benchmarks/cifar100_2024/onnx/CIFAR100_resnet_large.onnx,vnncomp2025_benchmarks/benchmarks/cifar100_2024/vnnlib/CIFAR100_resnet_large_prop_idx_5230_sidx_242_eps_0.0039.vnnlib,.122917000,unsat,77.506882505
cifar100_2024,vnncomp2025_benchmarks/benchmarks/cifar100_2024/onnx/CIFAR100_resnet_large.onnx,vnncomp2025_benchmarks/benchmarks/cifar100_2024/vnnlib/CIFAR100_resnet_large_prop_idx_9476_sidx_5602_eps_0.0039.vnnlib,.156423043,unsat,79.192597172
cifar100_2024,vnncomp2025_benchmarks/benchmarks/cifar100_2024/onnx/CIFAR100_resnet_large.onnx,vnncomp2025_benchmarks/benchmarks/cifar100_2024/vnnlib/CIFAR100_resnet_large_prop_idx_7866_sidx_7980_eps_0.0039.vnnlib,.088274328,unsat,78.418711727
cifar100_2024,vnncomp2025_benchmarks/benchmarks/cifar100_2024/onnx/CIFAR100_resnet_large.onnx,vnncomp2025_benchmarks/benchmarks/cifar100_2024/vnnlib/CIFAR100_resnet_large_prop_idx_7436_sidx_5742_eps_0.0039.vnnlib,.086860276,unsat,78.806209991
cifar100_2024,vnncomp2025_benchmarks/benchmarks/cifar100_2024/onnx/CIFAR100_resnet_large.onnx,vnncomp2025_benchmarks/benchmarks/cifar100_2024/vnnlib/CIFAR100_resnet_large_prop_idx_2624_sidx_917_eps_0.0039.vnnlib,.109902612,unsat,78.294196324
cifar100_2024,vnncomp2025_benchmarks/benchmarks/cifar100_2024/onnx/CIFAR100_resnet_large.onnx,vnncomp2025_benchmarks/benchmarks/cifar100_2024/vnnlib/CIFAR100_resnet_large_prop_idx_1241_sidx_5679_eps_0.0039.vnnlib,.136107761,unsat,78.227660890
cifar100_2024,vnncomp2025_benchmarks/benchmarks/cifar100_2024/onnx/CIFAR100_resnet_large.onnx,vnncomp2025_benchmarks/benchmarks/cifar100_2024/vnnlib/CIFAR100_resnet_large_prop_idx_3812_sidx_8477_eps_0.0039.vnnlib,.055932526,unsat,77.651916877
cifar100_2024,vnncomp2025_benchmarks/benchmarks/cifar100_2024/onnx/CIFAR100_resnet_large.onnx,vnncomp2025_benchmarks/benchmarks/cifar100_2024/vnnlib/CIFAR100_resnet_large_prop_idx_9372_sidx_3515_eps_0.0039.vnnlib,.170451012,unsat,77.876380973
cifar100_2024,vnncomp2025_benchmarks/benchmarks/cifar100_2024/onnx/CIFAR100_resnet_large.onnx,vnncomp2025_benchmarks/benchmarks/cifar100_2024/vnnlib/CIFAR100_resnet_large_prop_idx_1590_sidx_2858_eps_0.0039.vnnlib,.098326589,unsat,78.460427598
cifar100_2024,vnncomp2025_benchmarks/benchmarks/cifar100_2024/onnx/CIFAR100_resnet_large.onnx,vnncomp2025_benchmarks/benchmarks/cifar100_2024/vnnlib/CIFAR100_resnet_large_prop_idx_6337_sidx_2381_eps_0.0039.vnnlib,.158685790,unsat,78.377300633
cifar100_2024,vnncomp2025_benchmarks/benchmarks/cifar100_2024/onnx/CIFAR100_resnet_large.onnx,vnncomp2025_benchmarks/benchmarks/cifar100_2024/vnnlib/CIFAR100_resnet_large_prop_idx_6757_sidx_2400_eps_0.0039.vnnlib,.069835768,unsat,78.030572357
cifar100_2024,vnncomp2025_benchmarks/benchmarks/test/onnx/test_nano.onnx,vnncomp2025_benchmarks/benchmarks/test/vnnlib/test_nano.vnnlib,.156499755,error_exit_code_1,9.175979076
