cora_2024,vnncomp2025_benchmarks/benchmarks/cora_2024/./onnx/mnist-point.onnx,vnncomp2025_benchmarks/benchmarks/cora_2024/vnnlib/mnist-img0.vnnlib,20.554410978,sat,6.258143831
cora_2024,vnncomp2025_benchmarks/benchmarks/cora_2024/./onnx/mnist-trades.onnx,vnncomp2025_benchmarks/benchmarks/cora_2024/vnnlib/mnist-img0.vnnlib,20.383605360,sat,6.234773832
cora_2024,vnncomp2025_benchmarks/benchmarks/cora_2024/./onnx/mnist-set.onnx,vnncomp2025_benchmarks/benchmarks/cora_2024/vnnlib/mnist-img0.vnnlib,20.367907049,unsat,6.967054386
cora_2024,vnncomp2025_benchmarks/benchmarks/cora_2024/./onnx/mnist-point.onnx,vnncomp2025_benchmarks/benchmarks/cora_2024/vnnlib/mnist-img1.vnnlib,20.373154403,sat,6.256461135
cora_2024,vnncomp2025_benchmarks/benchmarks/cora_2024/./onnx/mnist-trades.onnx,vnncomp2025_benchmarks/benchmarks/cora_2024/vnnlib/mnist-img1.vnnlib,20.359537654,timeout,48.670492297
cora_2024,vnncomp2025_benchmarks/benchmarks/cora_2024/./onnx/mnist-set.onnx,vnncomp2025_benchmarks/benchmarks/cora_2024/vnnlib/mnist-img1.vnnlib,20.449424000,unsat,6.994620653
cora_2024,vnncomp2025_benchmarks/benchmarks/cora_2024/./onnx/mnist-point.onnx,vnncomp2025_benchmarks/benchmarks/cora_2024/vnnlib/mnist-img2.vnnlib,20.414620343,sat,6.297771500
cora_2024,vnncomp2025_benchmarks/benchmarks/cora_2024/./onnx/mnist-trades.onnx,vnncomp2025_benchmarks/benchmarks/cora_2024/vnnlib/mnist-img2.vnnlib,20.365856362,timeout,46.074343929
cora_2024,vnncomp2025_benchmarks/benchmarks/cora_2024/./onnx/mnist-set.onnx,vnncomp2025_benchmarks/benchmarks/cora_2024/vnnlib/mnist-img2.vnnlib,20.425838007,unsat,7.024882684
cora_2024,vnncomp2025_benchmarks/benchmarks/cora_2024/./onnx/mnist-point.onnx,vnncomp2025_benchmarks/benchmarks/cora_2024/vnnlib/mnist-img3.vnnlib,20.420692338,timeout,38.032970234
cora_2024,vnncomp2025_benchmarks/benchmarks/cora_2024/./onnx/mnist-trades.onnx,vnncomp2025_benchmarks/benchmarks/cora_2024/vnnlib/mnist-img3.vnnlib,20.455131339,timeout,36.552753430
cora_2024,vnncomp2025_benchmarks/benchmarks/cora_2024/./onnx/mnist-set.onnx,vnncomp2025_benchmarks/benchmarks/cora_2024/vnnlib/mnist-img3.vnnlib,20.495691896,unsat,7.073351331
cora_2024,vnncomp2025_benchmarks/benchmarks/cora_2024/./onnx/mnist-point.onnx,vnncomp2025_benchmarks/benchmarks/cora_2024/vnnlib/mnist-img4.vnnlib,20.353994739,sat,6.305634809
cora_2024,vnncomp2025_benchmarks/benchmarks/cora_2024/./onnx/mnist-trades.onnx,vnncomp2025_benchmarks/benchmarks/cora_2024/vnnlib/mnist-img4.vnnlib,20.365146058,timeout,36.801375119
cora_2024,vnncomp2025_benchmarks/benchmarks/cora_2024/./onnx/mnist-set.onnx,vnncomp2025_benchmarks/benchmarks/cora_2024/vnnlib/mnist-img4.vnnlib,20.406449039,unsat,7.037529281
cora_2024,vnncomp2025_benchmarks/benchmarks/cora_2024/./onnx/mnist-point.onnx,vnncomp2025_benchmarks/benchmarks/cora_2024/vnnlib/mnist-img5.vnnlib,20.379284192,sat,6.269455387
cora_2024,vnncomp2025_benchmarks/benchmarks/cora_2024/./onnx/mnist-trades.onnx,vnncomp2025_benchmarks/benchmarks/cora_2024/vnnlib/mnist-img5.vnnlib,20.411939211,timeout,37.052019627
cora_2024,vnncomp2025_benchmarks/benchmarks/cora_2024/./onnx/mnist-set.onnx,vnncomp2025_benchmarks/benchmarks/cora_2024/vnnlib/mnist-img5.vnnlib,20.465257081,unsat,7.000771302
cora_2024,vnncomp2025_benchmarks/benchmarks/cora_2024/./onnx/mnist-point.onnx,vnncomp2025_benchmarks/benchmarks/cora_2024/vnnlib/mnist-img6.vnnlib,20.447219779,sat,6.288688871
cora_2024,vnncomp2025_benchmarks/benchmarks/cora_2024/./onnx/mnist-trades.onnx,vnncomp2025_benchmarks/benchmarks/cora_2024/vnnlib/mnist-img6.vnnlib,20.346450948,timeout,37.047947216
cora_2024,vnncomp2025_benchmarks/benchmarks/cora_2024/./onnx/mnist-set.onnx,vnncomp2025_benchmarks/benchmarks/cora_2024/vnnlib/mnist-img6.vnnlib,20.409898036,unsat,7.011861621
cora_2024,vnncomp2025_benchmarks/benchmarks/cora_2024/./onnx/mnist-point.onnx,vnncomp2025_benchmarks/benchmarks/cora_2024/vnnlib/mnist-img7.vnnlib,20.426698443,sat,6.298568916
cora_2024,vnncomp2025_benchmarks/benchmarks/cora_2024/./onnx/mnist-trades.onnx,vnncomp2025_benchmarks/benchmarks/cora_2024/vnnlib/mnist-img7.vnnlib,20.402969106,timeout,47.457173370
cora_2024,vnncomp2025_benchmarks/benchmarks/cora_2024/./onnx/mnist-set.onnx,vnncomp2025_benchmarks/benchmarks/cora_2024/vnnlib/mnist-img7.vnnlib,20.482059416,unsat,6.983403383
cora_2024,vnncomp2025_benchmarks/benchmarks/cora_2024/./onnx/mnist-point.onnx,vnncomp2025_benchmarks/benchmarks/cora_2024/vnnlib/mnist-img8.vnnlib,20.451481142,sat,6.296454402
cora_2024,vnncomp2025_benchmarks/benchmarks/cora_2024/./onnx/mnist-trades.onnx,vnncomp2025_benchmarks/benchmarks/cora_2024/vnnlib/mnist-img8.vnnlib,20.415353750,timeout,39.656654136
cora_2024,vnncomp2025_benchmarks/benchmarks/cora_2024/./onnx/mnist-set.onnx,vnncomp2025_benchmarks/benchmarks/cora_2024/vnnlib/mnist-img8.vnnlib,20.448287768,unsat,7.013742389
cora_2024,vnncomp2025_benchmarks/benchmarks/cora_2024/./onnx/mnist-point.onnx,vnncomp2025_benchmarks/benchmarks/cora_2024/vnnlib/mnist-img9.vnnlib,20.383267878,sat,6.302297813
cora_2024,vnncomp2025_benchmarks/benchmarks/cora_2024/./onnx/mnist-trades.onnx,vnncomp2025_benchmarks/benchmarks/cora_2024/vnnlib/mnist-img9.vnnlib,20.281438735,timeout,37.422313658
cora_2024,vnncomp2025_benchmarks/benchmarks/cora_2024/./onnx/mnist-set.onnx,vnncomp2025_benchmarks/benchmarks/cora_2024/vnnlib/mnist-img9.vnnlib,20.471713566,unsat,6.969675234
cora_2024,vnncomp2025_benchmarks/benchmarks/cora_2024/./onnx/mnist-point.onnx,vnncomp2025_benchmarks/benchmarks/cora_2024/vnnlib/mnist-img10.vnnlib,20.347531219,sat,6.280831038
cora_2024,vnncomp2025_benchmarks/benchmarks/cora_2024/./onnx/mnist-trades.onnx,vnncomp2025_benchmarks/benchmarks/cora_2024/vnnlib/mnist-img10.vnnlib,20.388831065,timeout,36.961191018
cora_2024,vnncomp2025_benchmarks/benchmarks/cora_2024/./onnx/mnist-set.onnx,vnncomp2025_benchmarks/benchmarks/cora_2024/vnnlib/mnist-img10.vnnlib,20.429396845,unsat,7.014760580
cora_2024,vnncomp2025_benchmarks/benchmarks/cora_2024/./onnx/mnist-point.onnx,vnncomp2025_benchmarks/benchmarks/cora_2024/vnnlib/mnist-img11.vnnlib,20.405501744,sat,6.330010666
cora_2024,vnncomp2025_benchmarks/benchmarks/cora_2024/./onnx/mnist-trades.onnx,vnncomp2025_benchmarks/benchmarks/cora_2024/vnnlib/mnist-img11.vnnlib,20.569048131,timeout,48.250780322
cora_2024,vnncomp2025_benchmarks/benchmarks/cora_2024/./onnx/mnist-set.onnx,vnncomp2025_benchmarks/benchmarks/cora_2024/vnnlib/mnist-img11.vnnlib,20.407938690,unsat,7.009527496
cora_2024,vnncomp2025_benchmarks/benchmarks/cora_2024/./onnx/mnist-point.onnx,vnncomp2025_benchmarks/benchmarks/cora_2024/vnnlib/mnist-img13.vnnlib,20.390810425,sat,6.322749587
cora_2024,vnncomp2025_benchmarks/benchmarks/cora_2024/./onnx/mnist-trades.onnx,vnncomp2025_benchmarks/benchmarks/cora_2024/vnnlib/mnist-img13.vnnlib,20.415636995,timeout,36.537117390
cora_2024,vnncomp2025_benchmarks/benchmarks/cora_2024/./onnx/mnist-set.onnx,vnncomp2025_benchmarks/benchmarks/cora_2024/vnnlib/mnist-img13.vnnlib,20.465252326,unsat,7.014373697
cora_2024,vnncomp2025_benchmarks/benchmarks/cora_2024/./onnx/mnist-point.onnx,vnncomp2025_benchmarks/benchmarks/cora_2024/vnnlib/mnist-img14.vnnlib,20.443953964,sat,6.244193276
cora_2024,vnncomp2025_benchmarks/benchmarks/cora_2024/./onnx/mnist-trades.onnx,vnncomp2025_benchmarks/benchmarks/cora_2024/vnnlib/mnist-img14.vnnlib,20.362207702,timeout,37.531940429
cora_2024,vnncomp2025_benchmarks/benchmarks/cora_2024/./onnx/mnist-set.onnx,vnncomp2025_benchmarks/benchmarks/cora_2024/vnnlib/mnist-img14.vnnlib,20.507295128,unsat,7.025959723
cora_2024,vnncomp2025_benchmarks/benchmarks/cora_2024/./onnx/mnist-point.onnx,vnncomp2025_benchmarks/benchmarks/cora_2024/vnnlib/mnist-img15.vnnlib,20.447294748,timeout,37.529744813
cora_2024,vnncomp2025_benchmarks/benchmarks/cora_2024/./onnx/mnist-trades.onnx,vnncomp2025_benchmarks/benchmarks/cora_2024/vnnlib/mnist-img15.vnnlib,20.445742668,timeout,36.497213876
cora_2024,vnncomp2025_benchmarks/benchmarks/cora_2024/./onnx/mnist-set.onnx,vnncomp2025_benchmarks/benchmarks/cora_2024/vnnlib/mnist-img15.vnnlib,20.414059749,unsat,6.986826314
cora_2024,vnncomp2025_benchmarks/benchmarks/cora_2024/./onnx/mnist-point.onnx,vnncomp2025_benchmarks/benchmarks/cora_2024/vnnlib/mnist-img16.vnnlib,20.403724836,sat,6.263301846
cora_2024,vnncomp2025_benchmarks/benchmarks/cora_2024/./onnx/mnist-trades.onnx,vnncomp2025_benchmarks/benchmarks/cora_2024/vnnlib/mnist-img16.vnnlib,20.392246201,timeout,46.504944429
cora_2024,vnncomp2025_benchmarks/benchmarks/cora_2024/./onnx/mnist-set.onnx,vnncomp2025_benchmarks/benchmarks/cora_2024/vnnlib/mnist-img16.vnnlib,20.462714398,sat,6.288368340
cora_2024,vnncomp2025_benchmarks/benchmarks/cora_2024/./onnx/mnist-point.onnx,vnncomp2025_benchmarks/benchmarks/cora_2024/vnnlib/mnist-img17.vnnlib,20.435639955,sat,6.259942662
cora_2024,vnncomp2025_benchmarks/benchmarks/cora_2024/./onnx/mnist-trades.onnx,vnncomp2025_benchmarks/benchmarks/cora_2024/vnnlib/mnist-img17.vnnlib,20.379336836,sat,6.362724339
cora_2024,vnncomp2025_benchmarks/benchmarks/cora_2024/./onnx/mnist-set.onnx,vnncomp2025_benchmarks/benchmarks/cora_2024/vnnlib/mnist-img17.vnnlib,20.346495593,unsat,7.034084661
cora_2024,vnncomp2025_benchmarks/benchmarks/cora_2024/./onnx/mnist-point.onnx,vnncomp2025_benchmarks/benchmarks/cora_2024/vnnlib/mnist-img18.vnnlib,20.412997114,sat,6.311520126
cora_2024,vnncomp2025_benchmarks/benchmarks/cora_2024/./onnx/mnist-trades.onnx,vnncomp2025_benchmarks/benchmarks/cora_2024/vnnlib/mnist-img18.vnnlib,20.317454466,timeout,47.993424482
cora_2024,vnncomp2025_benchmarks/benchmarks/cora_2024/./onnx/mnist-set.onnx,vnncomp2025_benchmarks/benchmarks/cora_2024/vnnlib/mnist-img18.vnnlib,20.450107907,unsat,6.979508965
cora_2024,vnncomp2025_benchmarks/benchmarks/cora_2024/./onnx/mnist-point.onnx,vnncomp2025_benchmarks/benchmarks/cora_2024/vnnlib/mnist-img19.vnnlib,20.374029417,sat,6.297092182
cora_2024,vnncomp2025_benchmarks/benchmarks/cora_2024/./onnx/mnist-trades.onnx,vnncomp2025_benchmarks/benchmarks/cora_2024/vnnlib/mnist-img19.vnnlib,20.425120933,timeout,38.771619191
cora_2024,vnncomp2025_benchmarks/benchmarks/cora_2024/./onnx/mnist-set.onnx,vnncomp2025_benchmarks/benchmarks/cora_2024/vnnlib/mnist-img19.vnnlib,20.369967756,unsat,7.020737385
cora_2024,vnncomp2025_benchmarks/benchmarks/cora_2024/./onnx/mnist-point.onnx,vnncomp2025_benchmarks/benchmarks/cora_2024/vnnlib/mnist-img20.vnnlib,20.410778471,sat,6.276698444
cora_2024,vnncomp2025_benchmarks/benchmarks/cora_2024/./onnx/mnist-trades.onnx,vnncomp2025_benchmarks/benchmarks/cora_2024/vnnlib/mnist-img20.vnnlib,20.359329367,timeout,37.073328910
cora_2024,vnncomp2025_benchmarks/benchmarks/cora_2024/./onnx/mnist-set.onnx,vnncomp2025_benchmarks/benchmarks/cora_2024/vnnlib/mnist-img20.vnnlib,20.489534478,unsat,6.959540055
cora_2024,vnncomp2025_benchmarks/benchmarks/cora_2024/./onnx/svhn-point.onnx,vnncomp2025_benchmarks/benchmarks/cora_2024/vnnlib/svhn-img14.vnnlib,20.504101565,sat,6.293709626
cora_2024,vnncomp2025_benchmarks/benchmarks/cora_2024/./onnx/svhn-trades.onnx,vnncomp2025_benchmarks/benchmarks/cora_2024/vnnlib/svhn-img14.vnnlib,20.395030390,sat,6.293137382
cora_2024,vnncomp2025_benchmarks/benchmarks/cora_2024/./onnx/svhn-set.onnx,vnncomp2025_benchmarks/benchmarks/cora_2024/vnnlib/svhn-img14.vnnlib,20.367627801,sat,6.322700261
cora_2024,vnncomp2025_benchmarks/benchmarks/cora_2024/./onnx/svhn-point.onnx,vnncomp2025_benchmarks/benchmarks/cora_2024/vnnlib/svhn-img130.vnnlib,20.480290281,sat,6.231894299
cora_2024,vnncomp2025_benchmarks/benchmarks/cora_2024/./onnx/svhn-trades.onnx,vnncomp2025_benchmarks/benchmarks/cora_2024/vnnlib/svhn-img130.vnnlib,20.369240205,sat,6.279854913
cora_2024,vnncomp2025_benchmarks/benchmarks/cora_2024/./onnx/svhn-set.onnx,vnncomp2025_benchmarks/benchmarks/cora_2024/vnnlib/svhn-img130.vnnlib,20.404313042,sat,6.263227223
cora_2024,vnncomp2025_benchmarks/benchmarks/cora_2024/./onnx/svhn-point.onnx,vnncomp2025_benchmarks/benchmarks/cora_2024/vnnlib/svhn-img137.vnnlib,20.497878032,sat,6.307788895
cora_2024,vnncomp2025_benchmarks/benchmarks/cora_2024/./onnx/svhn-trades.onnx,vnncomp2025_benchmarks/benchmarks/cora_2024/vnnlib/svhn-img137.vnnlib,20.384516491,sat,6.330549556
cora_2024,vnncomp2025_benchmarks/benchmarks/cora_2024/./onnx/svhn-set.onnx,vnncomp2025_benchmarks/benchmarks/cora_2024/vnnlib/svhn-img137.vnnlib,20.342519569,sat,6.269676177
cora_2024,vnncomp2025_benchmarks/benchmarks/cora_2024/./onnx/svhn-point.onnx,vnncomp2025_benchmarks/benchmarks/cora_2024/vnnlib/svhn-img153.vnnlib,20.480951294,sat,6.272777417
cora_2024,vnncomp2025_benchmarks/benchmarks/cora_2024/./onnx/svhn-trades.onnx,vnncomp2025_benchmarks/benchmarks/cora_2024/vnnlib/svhn-img153.vnnlib,20.434513355,sat,6.340820227
cora_2024,vnncomp2025_benchmarks/benchmarks/cora_2024/./onnx/svhn-set.onnx,vnncomp2025_benchmarks/benchmarks/cora_2024/vnnlib/svhn-img153.vnnlib,20.387124127,sat,6.253996813
cora_2024,vnncomp2025_benchmarks/benchmarks/cora_2024/./onnx/svhn-point.onnx,vnncomp2025_benchmarks/benchmarks/cora_2024/vnnlib/svhn-img164.vnnlib,20.510833574,sat,6.289240721
cora_2024,vnncomp2025_benchmarks/benchmarks/cora_2024/./onnx/svhn-trades.onnx,vnncomp2025_benchmarks/benchmarks/cora_2024/vnnlib/svhn-img164.vnnlib,20.429863837,sat,6.260431435
cora_2024,vnncomp2025_benchmarks/benchmarks/cora_2024/./onnx/svhn-set.onnx,vnncomp2025_benchmarks/benchmarks/cora_2024/vnnlib/svhn-img164.vnnlib,20.416089731,sat,6.260517776
cora_2024,vnncomp2025_benchmarks/benchmarks/cora_2024/./onnx/svhn-point.onnx,vnncomp2025_benchmarks/benchmarks/cora_2024/vnnlib/svhn-img182.vnnlib,20.486220070,sat,6.292556682
cora_2024,vnncomp2025_benchmarks/benchmarks/cora_2024/./onnx/svhn-trades.onnx,vnncomp2025_benchmarks/benchmarks/cora_2024/vnnlib/svhn-img182.vnnlib,20.347614324,sat,6.251524995
cora_2024,vnncomp2025_benchmarks/benchmarks/cora_2024/./onnx/svhn-set.onnx,vnncomp2025_benchmarks/benchmarks/cora_2024/vnnlib/svhn-img182.vnnlib,20.454675550,sat,6.278432504
cora_2024,vnncomp2025_benchmarks/benchmarks/cora_2024/./onnx/svhn-point.onnx,vnncomp2025_benchmarks/benchmarks/cora_2024/vnnlib/svhn-img225.vnnlib,20.515775802,sat,6.322810684
cora_2024,vnncomp2025_benchmarks/benchmarks/cora_2024/./onnx/svhn-trades.onnx,vnncomp2025_benchmarks/benchmarks/cora_2024/vnnlib/svhn-img225.vnnlib,20.393502350,sat,6.275507457
cora_2024,vnncomp2025_benchmarks/benchmarks/cora_2024/./onnx/svhn-set.onnx,vnncomp2025_benchmarks/benchmarks/cora_2024/vnnlib/svhn-img225.vnnlib,20.420182392,sat,6.302590947
cora_2024,vnncomp2025_benchmarks/benchmarks/cora_2024/./onnx/svhn-point.onnx,vnncomp2025_benchmarks/benchmarks/cora_2024/vnnlib/svhn-img263.vnnlib,20.486795443,sat,6.248761097
cora_2024,vnncomp2025_benchmarks/benchmarks/cora_2024/./onnx/svhn-trades.onnx,vnncomp2025_benchmarks/benchmarks/cora_2024/vnnlib/svhn-img263.vnnlib,20.404921275,sat,6.302043651
cora_2024,vnncomp2025_benchmarks/benchmarks/cora_2024/./onnx/svhn-set.onnx,vnncomp2025_benchmarks/benchmarks/cora_2024/vnnlib/svhn-img263.vnnlib,20.371615146,sat,6.249908730
cora_2024,vnncomp2025_benchmarks/benchmarks/cora_2024/./onnx/svhn-point.onnx,vnncomp2025_benchmarks/benchmarks/cora_2024/vnnlib/svhn-img279.vnnlib,20.521585755,sat,6.298083273
cora_2024,vnncomp2025_benchmarks/benchmarks/cora_2024/./onnx/svhn-trades.onnx,vnncomp2025_benchmarks/benchmarks/cora_2024/vnnlib/svhn-img279.vnnlib,20.417059921,sat,6.300185577
cora_2024,vnncomp2025_benchmarks/benchmarks/cora_2024/./onnx/svhn-set.onnx,vnncomp2025_benchmarks/benchmarks/cora_2024/vnnlib/svhn-img279.vnnlib,20.355428895,sat,6.305207456
cora_2024,vnncomp2025_benchmarks/benchmarks/cora_2024/./onnx/svhn-point.onnx,vnncomp2025_benchmarks/benchmarks/cora_2024/vnnlib/svhn-img289.vnnlib,20.548079566,sat,6.293920120
cora_2024,vnncomp2025_benchmarks/benchmarks/cora_2024/./onnx/svhn-trades.onnx,vnncomp2025_benchmarks/benchmarks/cora_2024/vnnlib/svhn-img289.vnnlib,20.435458818,sat,6.270252819
cora_2024,vnncomp2025_benchmarks/benchmarks/cora_2024/./onnx/svhn-set.onnx,vnncomp2025_benchmarks/benchmarks/cora_2024/vnnlib/svhn-img289.vnnlib,20.404468586,sat,6.301698730
cora_2024,vnncomp2025_benchmarks/benchmarks/cora_2024/./onnx/svhn-point.onnx,vnncomp2025_benchmarks/benchmarks/cora_2024/vnnlib/svhn-img337.vnnlib,20.538686948,sat,6.292681887
cora_2024,vnncomp2025_benchmarks/benchmarks/cora_2024/./onnx/svhn-trades.onnx,vnncomp2025_benchmarks/benchmarks/cora_2024/vnnlib/svhn-img337.vnnlib,20.460702947,sat,6.272545061
cora_2024,vnncomp2025_benchmarks/benchmarks/cora_2024/./onnx/svhn-set.onnx,vnncomp2025_benchmarks/benchmarks/cora_2024/vnnlib/svhn-img337.vnnlib,20.372925922,sat,6.304628307
cora_2024,vnncomp2025_benchmarks/benchmarks/cora_2024/./onnx/svhn-point.onnx,vnncomp2025_benchmarks/benchmarks/cora_2024/vnnlib/svhn-img349.vnnlib,20.508750888,sat,6.270770363
cora_2024,vnncomp2025_benchmarks/benchmarks/cora_2024/./onnx/svhn-trades.onnx,vnncomp2025_benchmarks/benchmarks/cora_2024/vnnlib/svhn-img349.vnnlib,20.394544247,sat,6.243962010
cora_2024,vnncomp2025_benchmarks/benchmarks/cora_2024/./onnx/svhn-set.onnx,vnncomp2025_benchmarks/benchmarks/cora_2024/vnnlib/svhn-img349.vnnlib,20.375928698,sat,6.327449423
cora_2024,vnncomp2025_benchmarks/benchmarks/cora_2024/./onnx/svhn-point.onnx,vnncomp2025_benchmarks/benchmarks/cora_2024/vnnlib/svhn-img530.vnnlib,20.503787068,sat,6.285880180
cora_2024,vnncomp2025_benchmarks/benchmarks/cora_2024/./onnx/svhn-trades.onnx,vnncomp2025_benchmarks/benchmarks/cora_2024/vnnlib/svhn-img530.vnnlib,20.383587390,sat,6.296759637
cora_2024,vnncomp2025_benchmarks/benchmarks/cora_2024/./onnx/svhn-set.onnx,vnncomp2025_benchmarks/benchmarks/cora_2024/vnnlib/svhn-img530.vnnlib,20.395225676,sat,6.315317084
cora_2024,vnncomp2025_benchmarks/benchmarks/cora_2024/./onnx/svhn-point.onnx,vnncomp2025_benchmarks/benchmarks/cora_2024/vnnlib/svhn-img601.vnnlib,20.515729260,sat,6.274539674
cora_2024,vnncomp2025_benchmarks/benchmarks/cora_2024/./onnx/svhn-trades.onnx,vnncomp2025_benchmarks/benchmarks/cora_2024/vnnlib/svhn-img601.vnnlib,20.395833863,sat,6.308337786
cora_2024,vnncomp2025_benchmarks/benchmarks/cora_2024/./onnx/svhn-set.onnx,vnncomp2025_benchmarks/benchmarks/cora_2024/vnnlib/svhn-img601.vnnlib,20.377968245,sat,6.325100717
cora_2024,vnncomp2025_benchmarks/benchmarks/cora_2024/./onnx/svhn-point.onnx,vnncomp2025_benchmarks/benchmarks/cora_2024/vnnlib/svhn-img637.vnnlib,20.541027137,sat,6.286263071
cora_2024,vnncomp2025_benchmarks/benchmarks/cora_2024/./onnx/svhn-trades.onnx,vnncomp2025_benchmarks/benchmarks/cora_2024/vnnlib/svhn-img637.vnnlib,20.401840521,sat,6.280551953
cora_2024,vnncomp2025_benchmarks/benchmarks/cora_2024/./onnx/svhn-set.onnx,vnncomp2025_benchmarks/benchmarks/cora_2024/vnnlib/svhn-img637.vnnlib,20.358563884,sat,6.263065734
cora_2024,vnncomp2025_benchmarks/benchmarks/cora_2024/./onnx/svhn-point.onnx,vnncomp2025_benchmarks/benchmarks/cora_2024/vnnlib/svhn-img692.vnnlib,20.526629052,sat,6.276762272
cora_2024,vnncomp2025_benchmarks/benchmarks/cora_2024/./onnx/svhn-trades.onnx,vnncomp2025_benchmarks/benchmarks/cora_2024/vnnlib/svhn-img692.vnnlib,20.409480274,sat,6.256117843
cora_2024,vnncomp2025_benchmarks/benchmarks/cora_2024/./onnx/svhn-set.onnx,vnncomp2025_benchmarks/benchmarks/cora_2024/vnnlib/svhn-img692.vnnlib,20.395330573,sat,6.290916182
cora_2024,vnncomp2025_benchmarks/benchmarks/cora_2024/./onnx/svhn-point.onnx,vnncomp2025_benchmarks/benchmarks/cora_2024/vnnlib/svhn-img718.vnnlib,20.522510981,sat,6.261136146
cora_2024,vnncomp2025_benchmarks/benchmarks/cora_2024/./onnx/svhn-trades.onnx,vnncomp2025_benchmarks/benchmarks/cora_2024/vnnlib/svhn-img718.vnnlib,20.359537707,sat,6.253610231
cora_2024,vnncomp2025_benchmarks/benchmarks/cora_2024/./onnx/svhn-set.onnx,vnncomp2025_benchmarks/benchmarks/cora_2024/vnnlib/svhn-img718.vnnlib,20.388938403,sat,6.282344138
cora_2024,vnncomp2025_benchmarks/benchmarks/cora_2024/./onnx/svhn-point.onnx,vnncomp2025_benchmarks/benchmarks/cora_2024/vnnlib/svhn-img735.vnnlib,20.569389734,sat,6.260262680
cora_2024,vnncomp2025_benchmarks/benchmarks/cora_2024/./onnx/svhn-trades.onnx,vnncomp2025_benchmarks/benchmarks/cora_2024/vnnlib/svhn-img735.vnnlib,20.465375780,sat,6.286016494
cora_2024,vnncomp2025_benchmarks/benchmarks/cora_2024/./onnx/svhn-set.onnx,vnncomp2025_benchmarks/benchmarks/cora_2024/vnnlib/svhn-img735.vnnlib,20.393545542,sat,6.335059496
cora_2024,vnncomp2025_benchmarks/benchmarks/cora_2024/./onnx/svhn-point.onnx,vnncomp2025_benchmarks/benchmarks/cora_2024/vnnlib/svhn-img745.vnnlib,20.437772006,sat,6.388995071
cora_2024,vnncomp2025_benchmarks/benchmarks/cora_2024/./onnx/svhn-trades.onnx,vnncomp2025_benchmarks/benchmarks/cora_2024/vnnlib/svhn-img745.vnnlib,20.420672902,sat,6.308340734
cora_2024,vnncomp2025_benchmarks/benchmarks/cora_2024/./onnx/svhn-set.onnx,vnncomp2025_benchmarks/benchmarks/cora_2024/vnnlib/svhn-img745.vnnlib,20.418226395,sat,6.342467291
cora_2024,vnncomp2025_benchmarks/benchmarks/cora_2024/./onnx/svhn-point.onnx,vnncomp2025_benchmarks/benchmarks/cora_2024/vnnlib/svhn-img760.vnnlib,20.514868623,sat,6.242970235
cora_2024,vnncomp2025_benchmarks/benchmarks/cora_2024/./onnx/svhn-trades.onnx,vnncomp2025_benchmarks/benchmarks/cora_2024/vnnlib/svhn-img760.vnnlib,20.374679818,sat,6.257889839
cora_2024,vnncomp2025_benchmarks/benchmarks/cora_2024/./onnx/svhn-set.onnx,vnncomp2025_benchmarks/benchmarks/cora_2024/vnnlib/svhn-img760.vnnlib,20.396195412,sat,6.273531874
cora_2024,vnncomp2025_benchmarks/benchmarks/cora_2024/./onnx/cifar10-point.onnx,vnncomp2025_benchmarks/benchmarks/cora_2024/vnnlib/cifar10-img66.vnnlib,20.519312180,sat,6.319861279
cora_2024,vnncomp2025_benchmarks/benchmarks/cora_2024/./onnx/cifar10-trades.onnx,vnncomp2025_benchmarks/benchmarks/cora_2024/vnnlib/cifar10-img66.vnnlib,20.389328893,sat,6.294227999
cora_2024,vnncomp2025_benchmarks/benchmarks/cora_2024/./onnx/cifar10-set.onnx,vnncomp2025_benchmarks/benchmarks/cora_2024/vnnlib/cifar10-img66.vnnlib,20.396563958,sat,6.344746900
cora_2024,vnncomp2025_benchmarks/benchmarks/cora_2024/./onnx/cifar10-point.onnx,vnncomp2025_benchmarks/benchmarks/cora_2024/vnnlib/cifar10-img77.vnnlib,20.514201907,sat,6.314670350
cora_2024,vnncomp2025_benchmarks/benchmarks/cora_2024/./onnx/cifar10-trades.onnx,vnncomp2025_benchmarks/benchmarks/cora_2024/vnnlib/cifar10-img77.vnnlib,20.418436278,sat,6.292159143
cora_2024,vnncomp2025_benchmarks/benchmarks/cora_2024/./onnx/cifar10-set.onnx,vnncomp2025_benchmarks/benchmarks/cora_2024/vnnlib/cifar10-img77.vnnlib,20.367007360,sat,6.291684494
cora_2024,vnncomp2025_benchmarks/benchmarks/cora_2024/./onnx/cifar10-point.onnx,vnncomp2025_benchmarks/benchmarks/cora_2024/vnnlib/cifar10-img96.vnnlib,20.639582589,sat,6.336745802
cora_2024,vnncomp2025_benchmarks/benchmarks/cora_2024/./onnx/cifar10-trades.onnx,vnncomp2025_benchmarks/benchmarks/cora_2024/vnnlib/cifar10-img96.vnnlib,20.422495425,timeout,38.048563040
cora_2024,vnncomp2025_benchmarks/benchmarks/cora_2024/./onnx/cifar10-set.onnx,vnncomp2025_benchmarks/benchmarks/cora_2024/vnnlib/cifar10-img96.vnnlib,20.522271652,unsat,7.901332609
cora_2024,vnncomp2025_benchmarks/benchmarks/cora_2024/./onnx/cifar10-point.onnx,vnncomp2025_benchmarks/benchmarks/cora_2024/vnnlib/cifar10-img100.vnnlib,20.549361037,sat,6.286419802
cora_2024,vnncomp2025_benchmarks/benchmarks/cora_2024/./onnx/cifar10-trades.onnx,vnncomp2025_benchmarks/benchmarks/cora_2024/vnnlib/cifar10-img100.vnnlib,20.471405565,sat,6.279018347
cora_2024,vnncomp2025_benchmarks/benchmarks/cora_2024/./onnx/cifar10-set.onnx,vnncomp2025_benchmarks/benchmarks/cora_2024/vnnlib/cifar10-img100.vnnlib,20.508722433,unsat,7.897816745
cora_2024,vnncomp2025_benchmarks/benchmarks/cora_2024/./onnx/cifar10-point.onnx,vnncomp2025_benchmarks/benchmarks/cora_2024/vnnlib/cifar10-img126.vnnlib,20.511715471,sat,6.315518016
cora_2024,vnncomp2025_benchmarks/benchmarks/cora_2024/./onnx/cifar10-trades.onnx,vnncomp2025_benchmarks/benchmarks/cora_2024/vnnlib/cifar10-img126.vnnlib,20.482312481,sat,6.341363362
cora_2024,vnncomp2025_benchmarks/benchmarks/cora_2024/./onnx/cifar10-set.onnx,vnncomp2025_benchmarks/benchmarks/cora_2024/vnnlib/cifar10-img126.vnnlib,20.408580912,sat,6.309132416
cora_2024,vnncomp2025_benchmarks/benchmarks/cora_2024/./onnx/cifar10-point.onnx,vnncomp2025_benchmarks/benchmarks/cora_2024/vnnlib/cifar10-img135.vnnlib,20.472469430,sat,6.294286559
cora_2024,vnncomp2025_benchmarks/benchmarks/cora_2024/./onnx/cifar10-trades.onnx,vnncomp2025_benchmarks/benchmarks/cora_2024/vnnlib/cifar10-img135.vnnlib,20.433463720,sat,6.315965028
cora_2024,vnncomp2025_benchmarks/benchmarks/cora_2024/./onnx/cifar10-set.onnx,vnncomp2025_benchmarks/benchmarks/cora_2024/vnnlib/cifar10-img135.vnnlib,20.371451199,sat,6.313015264
cora_2024,vnncomp2025_benchmarks/benchmarks/cora_2024/./onnx/cifar10-point.onnx,vnncomp2025_benchmarks/benchmarks/cora_2024/vnnlib/cifar10-img160.vnnlib,20.527531965,timeout,37.930037509
cora_2024,vnncomp2025_benchmarks/benchmarks/cora_2024/./onnx/cifar10-trades.onnx,vnncomp2025_benchmarks/benchmarks/cora_2024/vnnlib/cifar10-img160.vnnlib,20.440831944,timeout,37.039700324
cora_2024,vnncomp2025_benchmarks/benchmarks/cora_2024/./onnx/cifar10-set.onnx,vnncomp2025_benchmarks/benchmarks/cora_2024/vnnlib/cifar10-img160.vnnlib,20.493437846,sat,6.327796320
cora_2024,vnncomp2025_benchmarks/benchmarks/cora_2024/./onnx/cifar10-point.onnx,vnncomp2025_benchmarks/benchmarks/cora_2024/vnnlib/cifar10-img166.vnnlib,20.456473024,sat,6.291567902
cora_2024,vnncomp2025_benchmarks/benchmarks/cora_2024/./onnx/cifar10-trades.onnx,vnncomp2025_benchmarks/benchmarks/cora_2024/vnnlib/cifar10-img166.vnnlib,20.398700705,sat,6.281311983
cora_2024,vnncomp2025_benchmarks/benchmarks/cora_2024/./onnx/cifar10-set.onnx,vnncomp2025_benchmarks/benchmarks/cora_2024/vnnlib/cifar10-img166.vnnlib,20.399032903,sat,6.310693258
cora_2024,vnncomp2025_benchmarks/benchmarks/cora_2024/./onnx/cifar10-point.onnx,vnncomp2025_benchmarks/benchmarks/cora_2024/vnnlib/cifar10-img206.vnnlib,20.504829295,sat,6.274354988
cora_2024,vnncomp2025_benchmarks/benchmarks/cora_2024/./onnx/cifar10-trades.onnx,vnncomp2025_benchmarks/benchmarks/cora_2024/vnnlib/cifar10-img206.vnnlib,20.420809417,timeout,37.905753295
cora_2024,vnncomp2025_benchmarks/benchmarks/cora_2024/./onnx/cifar10-set.onnx,vnncomp2025_benchmarks/benchmarks/cora_2024/vnnlib/cifar10-img206.vnnlib,20.457989492,sat,6.296489156
cora_2024,vnncomp2025_benchmarks/benchmarks/cora_2024/./onnx/cifar10-point.onnx,vnncomp2025_benchmarks/benchmarks/cora_2024/vnnlib/cifar10-img207.vnnlib,20.517669599,sat,6.278213916
cora_2024,vnncomp2025_benchmarks/benchmarks/cora_2024/./onnx/cifar10-trades.onnx,vnncomp2025_benchmarks/benchmarks/cora_2024/vnnlib/cifar10-img207.vnnlib,20.402799443,sat,6.308640859
cora_2024,vnncomp2025_benchmarks/benchmarks/cora_2024/./onnx/cifar10-set.onnx,vnncomp2025_benchmarks/benchmarks/cora_2024/vnnlib/cifar10-img207.vnnlib,20.378361177,timeout,36.901586390
cora_2024,vnncomp2025_benchmarks/benchmarks/cora_2024/./onnx/cifar10-point.onnx,vnncomp2025_benchmarks/benchmarks/cora_2024/vnnlib/cifar10-img244.vnnlib,20.552163878,sat,6.322416037
cora_2024,vnncomp2025_benchmarks/benchmarks/cora_2024/./onnx/cifar10-trades.onnx,vnncomp2025_benchmarks/benchmarks/cora_2024/vnnlib/cifar10-img244.vnnlib,20.372873995,sat,6.308575527
cora_2024,vnncomp2025_benchmarks/benchmarks/cora_2024/./onnx/cifar10-set.onnx,vnncomp2025_benchmarks/benchmarks/cora_2024/vnnlib/cifar10-img244.vnnlib,20.406392234,sat,6.296103735
cora_2024,vnncomp2025_benchmarks/benchmarks/cora_2024/./onnx/cifar10-point.onnx,vnncomp2025_benchmarks/benchmarks/cora_2024/vnnlib/cifar10-img292.vnnlib,20.526238690,sat,6.318835199
cora_2024,vnncomp2025_benchmarks/benchmarks/cora_2024/./onnx/cifar10-trades.onnx,vnncomp2025_benchmarks/benchmarks/cora_2024/vnnlib/cifar10-img292.vnnlib,20.379235793,sat,6.275323873
cora_2024,vnncomp2025_benchmarks/benchmarks/cora_2024/./onnx/cifar10-set.onnx,vnncomp2025_benchmarks/benchmarks/cora_2024/vnnlib/cifar10-img292.vnnlib,20.312055399,sat,6.302519022
cora_2024,vnncomp2025_benchmarks/benchmarks/cora_2024/./onnx/cifar10-point.onnx,vnncomp2025_benchmarks/benchmarks/cora_2024/vnnlib/cifar10-img328.vnnlib,20.592294711,sat,6.314422995
cora_2024,vnncomp2025_benchmarks/benchmarks/cora_2024/./onnx/cifar10-trades.onnx,vnncomp2025_benchmarks/benchmarks/cora_2024/vnnlib/cifar10-img328.vnnlib,20.363413304,sat,6.297500314
cora_2024,vnncomp2025_benchmarks/benchmarks/cora_2024/./onnx/cifar10-set.onnx,vnncomp2025_benchmarks/benchmarks/cora_2024/vnnlib/cifar10-img328.vnnlib,20.367065588,sat,6.338258109
cora_2024,vnncomp2025_benchmarks/benchmarks/cora_2024/./onnx/cifar10-point.onnx,vnncomp2025_benchmarks/benchmarks/cora_2024/vnnlib/cifar10-img332.vnnlib,20.517352274,sat,6.314305908
cora_2024,vnncomp2025_benchmarks/benchmarks/cora_2024/./onnx/cifar10-trades.onnx,vnncomp2025_benchmarks/benchmarks/cora_2024/vnnlib/cifar10-img332.vnnlib,20.436194346,sat,6.300442089
cora_2024,vnncomp2025_benchmarks/benchmarks/cora_2024/./onnx/cifar10-set.onnx,vnncomp2025_benchmarks/benchmarks/cora_2024/vnnlib/cifar10-img332.vnnlib,20.448565514,sat,6.275867744
cora_2024,vnncomp2025_benchmarks/benchmarks/cora_2024/./onnx/cifar10-point.onnx,vnncomp2025_benchmarks/benchmarks/cora_2024/vnnlib/cifar10-img339.vnnlib,20.446489428,sat,6.280807469
cora_2024,vnncomp2025_benchmarks/benchmarks/cora_2024/./onnx/cifar10-trades.onnx,vnncomp2025_benchmarks/benchmarks/cora_2024/vnnlib/cifar10-img339.vnnlib,20.379001763,sat,6.271812726
cora_2024,vnncomp2025_benchmarks/benchmarks/cora_2024/./onnx/cifar10-set.onnx,vnncomp2025_benchmarks/benchmarks/cora_2024/vnnlib/cifar10-img339.vnnlib,20.418654218,sat,6.332682386
cora_2024,vnncomp2025_benchmarks/benchmarks/cora_2024/./onnx/cifar10-point.onnx,vnncomp2025_benchmarks/benchmarks/cora_2024/vnnlib/cifar10-img340.vnnlib,20.536529424,sat,6.303807094
cora_2024,vnncomp2025_benchmarks/benchmarks/cora_2024/./onnx/cifar10-trades.onnx,vnncomp2025_benchmarks/benchmarks/cora_2024/vnnlib/cifar10-img340.vnnlib,20.466414999,sat,6.277514341
cora_2024,vnncomp2025_benchmarks/benchmarks/cora_2024/./onnx/cifar10-set.onnx,vnncomp2025_benchmarks/benchmarks/cora_2024/vnnlib/cifar10-img340.vnnlib,20.432329169,sat,6.289449176
cora_2024,vnncomp2025_benchmarks/benchmarks/cora_2024/./onnx/cifar10-point.onnx,vnncomp2025_benchmarks/benchmarks/cora_2024/vnnlib/cifar10-img386.vnnlib,20.512791063,sat,6.314172358
cora_2024,vnncomp2025_benchmarks/benchmarks/cora_2024/./onnx/cifar10-trades.onnx,vnncomp2025_benchmarks/benchmarks/cora_2024/vnnlib/cifar10-img386.vnnlib,20.393847307,sat,6.295382300
cora_2024,vnncomp2025_benchmarks/benchmarks/cora_2024/./onnx/cifar10-set.onnx,vnncomp2025_benchmarks/benchmarks/cora_2024/vnnlib/cifar10-img386.vnnlib,20.416341690,sat,6.267850908
cora_2024,vnncomp2025_benchmarks/benchmarks/cora_2024/./onnx/cifar10-point.onnx,vnncomp2025_benchmarks/benchmarks/cora_2024/vnnlib/cifar10-img398.vnnlib,20.491743197,sat,6.256445393
cora_2024,vnncomp2025_benchmarks/benchmarks/cora_2024/./onnx/cifar10-trades.onnx,vnncomp2025_benchmarks/benchmarks/cora_2024/vnnlib/cifar10-img398.vnnlib,20.436545370,timeout,38.163715919
cora_2024,vnncomp2025_benchmarks/benchmarks/cora_2024/./onnx/cifar10-set.onnx,vnncomp2025_benchmarks/benchmarks/cora_2024/vnnlib/cifar10-img398.vnnlib,20.472397722,unsat,7.139758704
cora_2024,vnncomp2025_benchmarks/benchmarks/cora_2024/./onnx/cifar10-point.onnx,vnncomp2025_benchmarks/benchmarks/cora_2024/vnnlib/cifar10-img440.vnnlib,20.527263327,sat,6.330875241
cora_2024,vnncomp2025_benchmarks/benchmarks/cora_2024/./onnx/cifar10-trades.onnx,vnncomp2025_benchmarks/benchmarks/cora_2024/vnnlib/cifar10-img440.vnnlib,20.424592531,sat,6.281539175
cora_2024,vnncomp2025_benchmarks/benchmarks/cora_2024/./onnx/cifar10-set.onnx,vnncomp2025_benchmarks/benchmarks/cora_2024/vnnlib/cifar10-img440.vnnlib,20.403673422,timeout,39.944006918
cora_2024,vnncomp2025_benchmarks/benchmarks/cora_2024/./onnx/cifar10-point.onnx,vnncomp2025_benchmarks/benchmarks/cora_2024/vnnlib/cifar10-img479.vnnlib,20.638299427,sat,6.309682483
cora_2024,vnncomp2025_benchmarks/benchmarks/cora_2024/./onnx/cifar10-trades.onnx,vnncomp2025_benchmarks/benchmarks/cora_2024/vnnlib/cifar10-img479.vnnlib,20.429138306,sat,6.308057754
cora_2024,vnncomp2025_benchmarks/benchmarks/cora_2024/./onnx/cifar10-set.onnx,vnncomp2025_benchmarks/benchmarks/cora_2024/vnnlib/cifar10-img479.vnnlib,20.425961734,sat,6.312384353
cora_2024,vnncomp2025_benchmarks/benchmarks/test/onnx/test_nano.onnx,vnncomp2025_benchmarks/benchmarks/test/vnnlib/test_nano.vnnlib,20.415535592,unsat,6.251037098
