acasxu_2023,vnncomp2025_benchmarks/benchmarks/acasxu_2023/onnx/ACASXU_run2a_1_1_batch_2000.onnx,vnncomp2025_benchmarks/benchmarks/acasxu_2023/vnnlib/prop_1.vnnlib,.073860229,no_result_in_file,.006799370
acasxu_2023,vnncomp2025_benchmarks/benchmarks/acasxu_2023/onnx/ACASXU_run2a_1_2_batch_2000.onnx,vnncomp2025_benchmarks/benchmarks/acasxu_2023/vnnlib/prop_1.vnnlib,.005828043,no_result_in_file,.006335567
acasxu_2023,vnncomp2025_benchmarks/benchmarks/acasxu_2023/onnx/ACASXU_run2a_1_3_batch_2000.onnx,vnncomp2025_benchmarks/benchmarks/acasxu_2023/vnnlib/prop_1.vnnlib,.005666745,no_result_in_file,.006382510
acasxu_2023,vnncomp2025_benchmarks/benchmarks/acasxu_2023/onnx/ACASXU_run2a_1_4_batch_2000.onnx,vnncomp2025_benchmarks/benchmarks/acasxu_2023/vnnlib/prop_1.vnnlib,.005408723,no_result_in_file,.006146738
acasxu_2023,vnncomp2025_benchmarks/benchmarks/acasxu_2023/onnx/ACASXU_run2a_1_5_batch_2000.onnx,vnncomp2025_benchmarks/benchmarks/acasxu_2023/vnnlib/prop_1.vnnlib,.005470235,no_result_in_file,.006326358
acasxu_2023,vnncomp2025_benchmarks/benchmarks/acasxu_2023/onnx/ACASXU_run2a_1_6_batch_2000.onnx,vnncomp2025_benchmarks/benchmarks/acasxu_2023/vnnlib/prop_1.vnnlib,.005891826,no_result_in_file,.006043644
acasxu_2023,vnncomp2025_benchmarks/benchmarks/acasxu_2023/onnx/ACASXU_run2a_1_7_batch_2000.onnx,vnncomp2025_benchmarks/benchmarks/acasxu_2023/vnnlib/prop_1.vnnlib,.005550949,no_result_in_file,.006056584
acasxu_2023,vnncomp2025_benchmarks/benchmarks/acasxu_2023/onnx/ACASXU_run2a_1_8_batch_2000.onnx,vnncomp2025_benchmarks/benchmarks/acasxu_2023/vnnlib/prop_1.vnnlib,.005700257,no_result_in_file,.006250844
acasxu_2023,vnncomp2025_benchmarks/benchmarks/acasxu_2023/onnx/ACASXU_run2a_1_9_batch_2000.onnx,vnncomp2025_benchmarks/benchmarks/acasxu_2023/vnnlib/prop_1.vnnlib,.005687996,no_result_in_file,.006213431
acasxu_2023,vnncomp2025_benchmarks/benchmarks/acasxu_2023/onnx/ACASXU_run2a_2_1_batch_2000.onnx,vnncomp2025_benchmarks/benchmarks/acasxu_2023/vnnlib/prop_1.vnnlib,.005621523,no_result_in_file,.006074295
acasxu_2023,vnncomp2025_benchmarks/benchmarks/acasxu_2023/onnx/ACASXU_run2a_2_2_batch_2000.onnx,vnncomp2025_benchmarks/benchmarks/acasxu_2023/vnnlib/prop_1.vnnlib,.005684336,no_result_in_file,.006687275
acasxu_2023,vnncomp2025_benchmarks/benchmarks/acasxu_2023/onnx/ACASXU_run2a_2_3_batch_2000.onnx,vnncomp2025_benchmarks/benchmarks/acasxu_2023/vnnlib/prop_1.vnnlib,.005810153,no_result_in_file,.005723578
acasxu_2023,vnncomp2025_benchmarks/benchmarks/acasxu_2023/onnx/ACASXU_run2a_2_4_batch_2000.onnx,vnncomp2025_benchmarks/benchmarks/acasxu_2023/vnnlib/prop_1.vnnlib,.005550700,no_result_in_file,.005879225
acasxu_2023,vnncomp2025_benchmarks/benchmarks/acasxu_2023/onnx/ACASXU_run2a_2_5_batch_2000.onnx,vnncomp2025_benchmarks/benchmarks/acasxu_2023/vnnlib/prop_1.vnnlib,.005551640,no_result_in_file,.006254114
acasxu_2023,vnncomp2025_benchmarks/benchmarks/acasxu_2023/onnx/ACASXU_run2a_2_6_batch_2000.onnx,vnncomp2025_benchmarks/benchmarks/acasxu_2023/vnnlib/prop_1.vnnlib,.005493927,no_result_in_file,.006136278
acasxu_2023,vnncomp2025_benchmarks/benchmarks/acasxu_2023/onnx/ACASXU_run2a_2_7_batch_2000.onnx,vnncomp2025_benchmarks/benchmarks/acasxu_2023/vnnlib/prop_1.vnnlib,.005628283,no_result_in_file,.006312017
acasxu_2023,vnncomp2025_benchmarks/benchmarks/acasxu_2023/onnx/ACASXU_run2a_2_8_batch_2000.onnx,vnncomp2025_benchmarks/benchmarks/acasxu_2023/vnnlib/prop_1.vnnlib,.005573611,no_result_in_file,.006218752
acasxu_2023,vnncomp2025_benchmarks/benchmarks/acasxu_2023/onnx/ACASXU_run2a_2_9_batch_2000.onnx,vnncomp2025_benchmarks/benchmarks/acasxu_2023/vnnlib/prop_1.vnnlib,.005843734,no_result_in_file,.006243094
acasxu_2023,vnncomp2025_benchmarks/benchmarks/acasxu_2023/onnx/ACASXU_run2a_3_1_batch_2000.onnx,vnncomp2025_benchmarks/benchmarks/acasxu_2023/vnnlib/prop_1.vnnlib,.005543229,no_result_in_file,.005549619
acasxu_2023,vnncomp2025_benchmarks/benchmarks/acasxu_2023/onnx/ACASXU_run2a_3_2_batch_2000.onnx,vnncomp2025_benchmarks/benchmarks/acasxu_2023/vnnlib/prop_1.vnnlib,.005665705,no_result_in_file,.006331978
acasxu_2023,vnncomp2025_benchmarks/benchmarks/acasxu_2023/onnx/ACASXU_run2a_3_3_batch_2000.onnx,vnncomp2025_benchmarks/benchmarks/acasxu_2023/vnnlib/prop_1.vnnlib,.005526799,no_result_in_file,.006347988
acasxu_2023,vnncomp2025_benchmarks/benchmarks/acasxu_2023/onnx/ACASXU_run2a_3_4_batch_2000.onnx,vnncomp2025_benchmarks/benchmarks/acasxu_2023/vnnlib/prop_1.vnnlib,.005937619,no_result_in_file,.006497395
acasxu_2023,vnncomp2025_benchmarks/benchmarks/acasxu_2023/onnx/ACASXU_run2a_3_5_batch_2000.onnx,vnncomp2025_benchmarks/benchmarks/acasxu_2023/vnnlib/prop_1.vnnlib,.005644864,no_result_in_file,.006114357
acasxu_2023,vnncomp2025_benchmarks/benchmarks/acasxu_2023/onnx/ACASXU_run2a_3_6_batch_2000.onnx,vnncomp2025_benchmarks/benchmarks/acasxu_2023/vnnlib/prop_1.vnnlib,.005369101,no_result_in_file,.006478094
acasxu_2023,vnncomp2025_benchmarks/benchmarks/acasxu_2023/onnx/ACASXU_run2a_3_7_batch_2000.onnx,vnncomp2025_benchmarks/benchmarks/acasxu_2023/vnnlib/prop_1.vnnlib,.005451105,no_result_in_file,.006017692
acasxu_2023,vnncomp2025_benchmarks/benchmarks/acasxu_2023/onnx/ACASXU_run2a_3_8_batch_2000.onnx,vnncomp2025_benchmarks/benchmarks/acasxu_2023/vnnlib/prop_1.vnnlib,.005416323,no_result_in_file,.006240503
acasxu_2023,vnncomp2025_benchmarks/benchmarks/acasxu_2023/onnx/ACASXU_run2a_3_9_batch_2000.onnx,vnncomp2025_benchmarks/benchmarks/acasxu_2023/vnnlib/prop_1.vnnlib,.005820223,no_result_in_file,.006464094
acasxu_2023,vnncomp2025_benchmarks/benchmarks/acasxu_2023/onnx/ACASXU_run2a_4_1_batch_2000.onnx,vnncomp2025_benchmarks/benchmarks/acasxu_2023/vnnlib/prop_1.vnnlib,.005632754,no_result_in_file,.006360199
acasxu_2023,vnncomp2025_benchmarks/benchmarks/acasxu_2023/onnx/ACASXU_run2a_4_2_batch_2000.onnx,vnncomp2025_benchmarks/benchmarks/acasxu_2023/vnnlib/prop_1.vnnlib,.005879436,no_result_in_file,.006265774
acasxu_2023,vnncomp2025_benchmarks/benchmarks/acasxu_2023/onnx/ACASXU_run2a_4_3_batch_2000.onnx,vnncomp2025_benchmarks/benchmarks/acasxu_2023/vnnlib/prop_1.vnnlib,.006044784,no_result_in_file,.006213642
acasxu_2023,vnncomp2025_benchmarks/benchmarks/acasxu_2023/onnx/ACASXU_run2a_4_4_batch_2000.onnx,vnncomp2025_benchmarks/benchmarks/acasxu_2023/vnnlib/prop_1.vnnlib,.005749029,no_result_in_file,.006567499
acasxu_2023,vnncomp2025_benchmarks/benchmarks/acasxu_2023/onnx/ACASXU_run2a_4_5_batch_2000.onnx,vnncomp2025_benchmarks/benchmarks/acasxu_2023/vnnlib/prop_1.vnnlib,.005910947,no_result_in_file,.008200409
acasxu_2023,vnncomp2025_benchmarks/benchmarks/acasxu_2023/onnx/ACASXU_run2a_4_6_batch_2000.onnx,vnncomp2025_benchmarks/benchmarks/acasxu_2023/vnnlib/prop_1.vnnlib,.006083566,no_result_in_file,.006404782
acasxu_2023,vnncomp2025_benchmarks/benchmarks/acasxu_2023/onnx/ACASXU_run2a_4_7_batch_2000.onnx,vnncomp2025_benchmarks/benchmarks/acasxu_2023/vnnlib/prop_1.vnnlib,.005539379,no_result_in_file,.006402461
acasxu_2023,vnncomp2025_benchmarks/benchmarks/acasxu_2023/onnx/ACASXU_run2a_4_8_batch_2000.onnx,vnncomp2025_benchmarks/benchmarks/acasxu_2023/vnnlib/prop_1.vnnlib,.005550050,no_result_in_file,.006530207
acasxu_2023,vnncomp2025_benchmarks/benchmarks/acasxu_2023/onnx/ACASXU_run2a_4_9_batch_2000.onnx,vnncomp2025_benchmarks/benchmarks/acasxu_2023/vnnlib/prop_1.vnnlib,.005667625,no_result_in_file,.006225762
acasxu_2023,vnncomp2025_benchmarks/benchmarks/acasxu_2023/onnx/ACASXU_run2a_5_1_batch_2000.onnx,vnncomp2025_benchmarks/benchmarks/acasxu_2023/vnnlib/prop_1.vnnlib,.005635934,no_result_in_file,.006368250
acasxu_2023,vnncomp2025_benchmarks/benchmarks/acasxu_2023/onnx/ACASXU_run2a_5_2_batch_2000.onnx,vnncomp2025_benchmarks/benchmarks/acasxu_2023/vnnlib/prop_1.vnnlib,.005736969,no_result_in_file,.006429423
acasxu_2023,vnncomp2025_benchmarks/benchmarks/acasxu_2023/onnx/ACASXU_run2a_5_3_batch_2000.onnx,vnncomp2025_benchmarks/benchmarks/acasxu_2023/vnnlib/prop_1.vnnlib,.005733478,no_result_in_file,.006209912
acasxu_2023,vnncomp2025_benchmarks/benchmarks/acasxu_2023/onnx/ACASXU_run2a_5_4_batch_2000.onnx,vnncomp2025_benchmarks/benchmarks/acasxu_2023/vnnlib/prop_1.vnnlib,.005760610,no_result_in_file,.006500676
acasxu_2023,vnncomp2025_benchmarks/benchmarks/acasxu_2023/onnx/ACASXU_run2a_5_5_batch_2000.onnx,vnncomp2025_benchmarks/benchmarks/acasxu_2023/vnnlib/prop_1.vnnlib,.006154609,no_result_in_file,.006569820
acasxu_2023,vnncomp2025_benchmarks/benchmarks/acasxu_2023/onnx/ACASXU_run2a_5_6_batch_2000.onnx,vnncomp2025_benchmarks/benchmarks/acasxu_2023/vnnlib/prop_1.vnnlib,.006356119,no_result_in_file,.006634232
acasxu_2023,vnncomp2025_benchmarks/benchmarks/acasxu_2023/onnx/ACASXU_run2a_5_7_batch_2000.onnx,vnncomp2025_benchmarks/benchmarks/acasxu_2023/vnnlib/prop_1.vnnlib,.005698907,no_result_in_file,.006270464
acasxu_2023,vnncomp2025_benchmarks/benchmarks/acasxu_2023/onnx/ACASXU_run2a_5_8_batch_2000.onnx,vnncomp2025_benchmarks/benchmarks/acasxu_2023/vnnlib/prop_1.vnnlib,.005338969,no_result_in_file,.006165019
acasxu_2023,vnncomp2025_benchmarks/benchmarks/acasxu_2023/onnx/ACASXU_run2a_5_9_batch_2000.onnx,vnncomp2025_benchmarks/benchmarks/acasxu_2023/vnnlib/prop_1.vnnlib,.005527648,no_result_in_file,.006034903
acasxu_2023,vnncomp2025_benchmarks/benchmarks/acasxu_2023/onnx/ACASXU_run2a_1_1_batch_2000.onnx,vnncomp2025_benchmarks/benchmarks/acasxu_2023/vnnlib/prop_2.vnnlib,.006030513,no_result_in_file,.006252554
acasxu_2023,vnncomp2025_benchmarks/benchmarks/acasxu_2023/onnx/ACASXU_run2a_1_2_batch_2000.onnx,vnncomp2025_benchmarks/benchmarks/acasxu_2023/vnnlib/prop_2.vnnlib,.006103916,no_result_in_file,.006224343
acasxu_2023,vnncomp2025_benchmarks/benchmarks/acasxu_2023/onnx/ACASXU_run2a_1_3_batch_2000.onnx,vnncomp2025_benchmarks/benchmarks/acasxu_2023/vnnlib/prop_2.vnnlib,.005586001,no_result_in_file,.006187810
acasxu_2023,vnncomp2025_benchmarks/benchmarks/acasxu_2023/onnx/ACASXU_run2a_1_4_batch_2000.onnx,vnncomp2025_benchmarks/benchmarks/acasxu_2023/vnnlib/prop_2.vnnlib,.005548859,no_result_in_file,.005914128
acasxu_2023,vnncomp2025_benchmarks/benchmarks/acasxu_2023/onnx/ACASXU_run2a_1_5_batch_2000.onnx,vnncomp2025_benchmarks/benchmarks/acasxu_2023/vnnlib/prop_2.vnnlib,.005247745,no_result_in_file,.006158919
acasxu_2023,vnncomp2025_benchmarks/benchmarks/acasxu_2023/onnx/ACASXU_run2a_1_6_batch_2000.onnx,vnncomp2025_benchmarks/benchmarks/acasxu_2023/vnnlib/prop_2.vnnlib,.005364831,no_result_in_file,.006256474
acasxu_2023,vnncomp2025_benchmarks/benchmarks/acasxu_2023/onnx/ACASXU_run2a_1_7_batch_2000.onnx,vnncomp2025_benchmarks/benchmarks/acasxu_2023/vnnlib/prop_2.vnnlib,.005672775,no_result_in_file,.006264494
acasxu_2023,vnncomp2025_benchmarks/benchmarks/acasxu_2023/onnx/ACASXU_run2a_1_8_batch_2000.onnx,vnncomp2025_benchmarks/benchmarks/acasxu_2023/vnnlib/prop_2.vnnlib,.005741699,no_result_in_file,.005951029
acasxu_2023,vnncomp2025_benchmarks/benchmarks/acasxu_2023/onnx/ACASXU_run2a_1_9_batch_2000.onnx,vnncomp2025_benchmarks/benchmarks/acasxu_2023/vnnlib/prop_2.vnnlib,.005340569,no_result_in_file,.006109607
acasxu_2023,vnncomp2025_benchmarks/benchmarks/acasxu_2023/onnx/ACASXU_run2a_2_1_batch_2000.onnx,vnncomp2025_benchmarks/benchmarks/acasxu_2023/vnnlib/prop_2.vnnlib,.006113987,no_result_in_file,.006647363
acasxu_2023,vnncomp2025_benchmarks/benchmarks/acasxu_2023/onnx/ACASXU_run2a_2_2_batch_2000.onnx,vnncomp2025_benchmarks/benchmarks/acasxu_2023/vnnlib/prop_2.vnnlib,.005509128,no_result_in_file,.006417252
acasxu_2023,vnncomp2025_benchmarks/benchmarks/acasxu_2023/onnx/ACASXU_run2a_2_3_batch_2000.onnx,vnncomp2025_benchmarks/benchmarks/acasxu_2023/vnnlib/prop_2.vnnlib,.005805242,no_result_in_file,.006216582
acasxu_2023,vnncomp2025_benchmarks/benchmarks/acasxu_2023/onnx/ACASXU_run2a_2_4_batch_2000.onnx,vnncomp2025_benchmarks/benchmarks/acasxu_2023/vnnlib/prop_2.vnnlib,.005707027,no_result_in_file,.006196972
acasxu_2023,vnncomp2025_benchmarks/benchmarks/acasxu_2023/onnx/ACASXU_run2a_2_5_batch_2000.onnx,vnncomp2025_benchmarks/benchmarks/acasxu_2023/vnnlib/prop_2.vnnlib,.005859925,no_result_in_file,.006356699
acasxu_2023,vnncomp2025_benchmarks/benchmarks/acasxu_2023/onnx/ACASXU_run2a_2_6_batch_2000.onnx,vnncomp2025_benchmarks/benchmarks/acasxu_2023/vnnlib/prop_2.vnnlib,.005813533,no_result_in_file,.006751228
acasxu_2023,vnncomp2025_benchmarks/benchmarks/acasxu_2023/onnx/ACASXU_run2a_2_7_batch_2000.onnx,vnncomp2025_benchmarks/benchmarks/acasxu_2023/vnnlib/prop_2.vnnlib,.005880166,no_result_in_file,.006196371
acasxu_2023,vnncomp2025_benchmarks/benchmarks/acasxu_2023/onnx/ACASXU_run2a_2_8_batch_2000.onnx,vnncomp2025_benchmarks/benchmarks/acasxu_2023/vnnlib/prop_2.vnnlib,.005708267,no_result_in_file,.006480075
acasxu_2023,vnncomp2025_benchmarks/benchmarks/acasxu_2023/onnx/ACASXU_run2a_2_9_batch_2000.onnx,vnncomp2025_benchmarks/benchmarks/acasxu_2023/vnnlib/prop_2.vnnlib,.005854835,no_result_in_file,.006331067
acasxu_2023,vnncomp2025_benchmarks/benchmarks/acasxu_2023/onnx/ACASXU_run2a_3_1_batch_2000.onnx,vnncomp2025_benchmarks/benchmarks/acasxu_2023/vnnlib/prop_2.vnnlib,.005732179,no_result_in_file,.006109097
acasxu_2023,vnncomp2025_benchmarks/benchmarks/acasxu_2023/onnx/ACASXU_run2a_3_2_batch_2000.onnx,vnncomp2025_benchmarks/benchmarks/acasxu_2023/vnnlib/prop_2.vnnlib,.005622673,no_result_in_file,.006456613
acasxu_2023,vnncomp2025_benchmarks/benchmarks/acasxu_2023/onnx/ACASXU_run2a_3_3_batch_2000.onnx,vnncomp2025_benchmarks/benchmarks/acasxu_2023/vnnlib/prop_2.vnnlib,.005778701,no_result_in_file,.005957449
acasxu_2023,vnncomp2025_benchmarks/benchmarks/acasxu_2023/onnx/ACASXU_run2a_3_4_batch_2000.onnx,vnncomp2025_benchmarks/benchmarks/acasxu_2023/vnnlib/prop_2.vnnlib,.005586142,no_result_in_file,.006290366
acasxu_2023,vnncomp2025_benchmarks/benchmarks/acasxu_2023/onnx/ACASXU_run2a_3_5_batch_2000.onnx,vnncomp2025_benchmarks/benchmarks/acasxu_2023/vnnlib/prop_2.vnnlib,.005560400,no_result_in_file,.006110207
acasxu_2023,vnncomp2025_benchmarks/benchmarks/acasxu_2023/onnx/ACASXU_run2a_3_6_batch_2000.onnx,vnncomp2025_benchmarks/benchmarks/acasxu_2023/vnnlib/prop_2.vnnlib,.005688397,no_result_in_file,.006366209
acasxu_2023,vnncomp2025_benchmarks/benchmarks/acasxu_2023/onnx/ACASXU_run2a_3_7_batch_2000.onnx,vnncomp2025_benchmarks/benchmarks/acasxu_2023/vnnlib/prop_2.vnnlib,.005650945,no_result_in_file,.006570540
acasxu_2023,vnncomp2025_benchmarks/benchmarks/acasxu_2023/onnx/ACASXU_run2a_3_8_batch_2000.onnx,vnncomp2025_benchmarks/benchmarks/acasxu_2023/vnnlib/prop_2.vnnlib,.006053185,no_result_in_file,.006385160
acasxu_2023,vnncomp2025_benchmarks/benchmarks/acasxu_2023/onnx/ACASXU_run2a_3_9_batch_2000.onnx,vnncomp2025_benchmarks/benchmarks/acasxu_2023/vnnlib/prop_2.vnnlib,.005805952,no_result_in_file,.006077946
acasxu_2023,vnncomp2025_benchmarks/benchmarks/acasxu_2023/onnx/ACASXU_run2a_4_1_batch_2000.onnx,vnncomp2025_benchmarks/benchmarks/acasxu_2023/vnnlib/prop_2.vnnlib,.005429904,no_result_in_file,.006189361
acasxu_2023,vnncomp2025_benchmarks/benchmarks/acasxu_2023/onnx/ACASXU_run2a_4_2_batch_2000.onnx,vnncomp2025_benchmarks/benchmarks/acasxu_2023/vnnlib/prop_2.vnnlib,.005707207,no_result_in_file,.006261034
acasxu_2023,vnncomp2025_benchmarks/benchmarks/acasxu_2023/onnx/ACASXU_run2a_4_3_batch_2000.onnx,vnncomp2025_benchmarks/benchmarks/acasxu_2023/vnnlib/prop_2.vnnlib,.005614733,no_result_in_file,.006298986
acasxu_2023,vnncomp2025_benchmarks/benchmarks/acasxu_2023/onnx/ACASXU_run2a_4_4_batch_2000.onnx,vnncomp2025_benchmarks/benchmarks/acasxu_2023/vnnlib/prop_2.vnnlib,.005879305,no_result_in_file,.006324818
acasxu_2023,vnncomp2025_benchmarks/benchmarks/acasxu_2023/onnx/ACASXU_run2a_4_5_batch_2000.onnx,vnncomp2025_benchmarks/benchmarks/acasxu_2023/vnnlib/prop_2.vnnlib,.005816423,no_result_in_file,.006365099
acasxu_2023,vnncomp2025_benchmarks/benchmarks/acasxu_2023/onnx/ACASXU_run2a_4_6_batch_2000.onnx,vnncomp2025_benchmarks/benchmarks/acasxu_2023/vnnlib/prop_2.vnnlib,.005909847,no_result_in_file,.006350038
acasxu_2023,vnncomp2025_benchmarks/benchmarks/acasxu_2023/onnx/ACASXU_run2a_4_7_batch_2000.onnx,vnncomp2025_benchmarks/benchmarks/acasxu_2023/vnnlib/prop_2.vnnlib,.005760930,no_result_in_file,.006305056
acasxu_2023,vnncomp2025_benchmarks/benchmarks/acasxu_2023/onnx/ACASXU_run2a_4_8_batch_2000.onnx,vnncomp2025_benchmarks/benchmarks/acasxu_2023/vnnlib/prop_2.vnnlib,.005656575,no_result_in_file,.006156449
acasxu_2023,vnncomp2025_benchmarks/benchmarks/acasxu_2023/onnx/ACASXU_run2a_4_9_batch_2000.onnx,vnncomp2025_benchmarks/benchmarks/acasxu_2023/vnnlib/prop_2.vnnlib,.005825833,no_result_in_file,.006434802
acasxu_2023,vnncomp2025_benchmarks/benchmarks/acasxu_2023/onnx/ACASXU_run2a_5_1_batch_2000.onnx,vnncomp2025_benchmarks/benchmarks/acasxu_2023/vnnlib/prop_2.vnnlib,.005562990,no_result_in_file,.006326567
acasxu_2023,vnncomp2025_benchmarks/benchmarks/acasxu_2023/onnx/ACASXU_run2a_5_2_batch_2000.onnx,vnncomp2025_benchmarks/benchmarks/acasxu_2023/vnnlib/prop_2.vnnlib,.005673596,no_result_in_file,.006312136
acasxu_2023,vnncomp2025_benchmarks/benchmarks/acasxu_2023/onnx/ACASXU_run2a_5_3_batch_2000.onnx,vnncomp2025_benchmarks/benchmarks/acasxu_2023/vnnlib/prop_2.vnnlib,.005826193,no_result_in_file,.006136438
acasxu_2023,vnncomp2025_benchmarks/benchmarks/acasxu_2023/onnx/ACASXU_run2a_5_4_batch_2000.onnx,vnncomp2025_benchmarks/benchmarks/acasxu_2023/vnnlib/prop_2.vnnlib,.005952429,no_result_in_file,.006336708
acasxu_2023,vnncomp2025_benchmarks/benchmarks/acasxu_2023/onnx/ACASXU_run2a_5_5_batch_2000.onnx,vnncomp2025_benchmarks/benchmarks/acasxu_2023/vnnlib/prop_2.vnnlib,.005937788,no_result_in_file,.006425472
acasxu_2023,vnncomp2025_benchmarks/benchmarks/acasxu_2023/onnx/ACASXU_run2a_5_6_batch_2000.onnx,vnncomp2025_benchmarks/benchmarks/acasxu_2023/vnnlib/prop_2.vnnlib,.006076455,no_result_in_file,.006355769
acasxu_2023,vnncomp2025_benchmarks/benchmarks/acasxu_2023/onnx/ACASXU_run2a_5_7_batch_2000.onnx,vnncomp2025_benchmarks/benchmarks/acasxu_2023/vnnlib/prop_2.vnnlib,.005904697,no_result_in_file,.006404461
acasxu_2023,vnncomp2025_benchmarks/benchmarks/acasxu_2023/onnx/ACASXU_run2a_5_8_batch_2000.onnx,vnncomp2025_benchmarks/benchmarks/acasxu_2023/vnnlib/prop_2.vnnlib,.005683056,no_result_in_file,.006329318
acasxu_2023,vnncomp2025_benchmarks/benchmarks/acasxu_2023/onnx/ACASXU_run2a_5_9_batch_2000.onnx,vnncomp2025_benchmarks/benchmarks/acasxu_2023/vnnlib/prop_2.vnnlib,.005741229,no_result_in_file,.006358559
acasxu_2023,vnncomp2025_benchmarks/benchmarks/acasxu_2023/onnx/ACASXU_run2a_1_1_batch_2000.onnx,vnncomp2025_benchmarks/benchmarks/acasxu_2023/vnnlib/prop_3.vnnlib,.005871155,no_result_in_file,.006292756
acasxu_2023,vnncomp2025_benchmarks/benchmarks/acasxu_2023/onnx/ACASXU_run2a_1_2_batch_2000.onnx,vnncomp2025_benchmarks/benchmarks/acasxu_2023/vnnlib/prop_3.vnnlib,.005788791,no_result_in_file,.006059285
acasxu_2023,vnncomp2025_benchmarks/benchmarks/acasxu_2023/onnx/ACASXU_run2a_1_3_batch_2000.onnx,vnncomp2025_benchmarks/benchmarks/acasxu_2023/vnnlib/prop_3.vnnlib,.005698257,no_result_in_file,.006294846
acasxu_2023,vnncomp2025_benchmarks/benchmarks/acasxu_2023/onnx/ACASXU_run2a_1_4_batch_2000.onnx,vnncomp2025_benchmarks/benchmarks/acasxu_2023/vnnlib/prop_3.vnnlib,.005678706,no_result_in_file,.006187511
acasxu_2023,vnncomp2025_benchmarks/benchmarks/acasxu_2023/onnx/ACASXU_run2a_1_5_batch_2000.onnx,vnncomp2025_benchmarks/benchmarks/acasxu_2023/vnnlib/prop_3.vnnlib,.005872665,no_result_in_file,.006114617
acasxu_2023,vnncomp2025_benchmarks/benchmarks/acasxu_2023/onnx/ACASXU_run2a_1_6_batch_2000.onnx,vnncomp2025_benchmarks/benchmarks/acasxu_2023/vnnlib/prop_3.vnnlib,.005616783,no_result_in_file,.006286925
acasxu_2023,vnncomp2025_benchmarks/benchmarks/acasxu_2023/onnx/ACASXU_run2a_1_7_batch_2000.onnx,vnncomp2025_benchmarks/benchmarks/acasxu_2023/vnnlib/prop_3.vnnlib,.005667925,no_result_in_file,.006266194
acasxu_2023,vnncomp2025_benchmarks/benchmarks/acasxu_2023/onnx/ACASXU_run2a_1_8_batch_2000.onnx,vnncomp2025_benchmarks/benchmarks/acasxu_2023/vnnlib/prop_3.vnnlib,.005639954,no_result_in_file,.005814702
acasxu_2023,vnncomp2025_benchmarks/benchmarks/acasxu_2023/onnx/ACASXU_run2a_1_9_batch_2000.onnx,vnncomp2025_benchmarks/benchmarks/acasxu_2023/vnnlib/prop_3.vnnlib,.005860015,no_result_in_file,.006147598
acasxu_2023,vnncomp2025_benchmarks/benchmarks/acasxu_2023/onnx/ACASXU_run2a_2_1_batch_2000.onnx,vnncomp2025_benchmarks/benchmarks/acasxu_2023/vnnlib/prop_3.vnnlib,.005832064,no_result_in_file,.006295566
acasxu_2023,vnncomp2025_benchmarks/benchmarks/acasxu_2023/onnx/ACASXU_run2a_2_2_batch_2000.onnx,vnncomp2025_benchmarks/benchmarks/acasxu_2023/vnnlib/prop_3.vnnlib,.005882156,no_result_in_file,.006517057
acasxu_2023,vnncomp2025_benchmarks/benchmarks/acasxu_2023/onnx/ACASXU_run2a_2_3_batch_2000.onnx,vnncomp2025_benchmarks/benchmarks/acasxu_2023/vnnlib/prop_3.vnnlib,.005415633,no_result_in_file,.006313117
acasxu_2023,vnncomp2025_benchmarks/benchmarks/acasxu_2023/onnx/ACASXU_run2a_2_4_batch_2000.onnx,vnncomp2025_benchmarks/benchmarks/acasxu_2023/vnnlib/prop_3.vnnlib,.005626044,no_result_in_file,.006150709
acasxu_2023,vnncomp2025_benchmarks/benchmarks/acasxu_2023/onnx/ACASXU_run2a_2_5_batch_2000.onnx,vnncomp2025_benchmarks/benchmarks/acasxu_2023/vnnlib/prop_3.vnnlib,.005564300,no_result_in_file,.006287365
acasxu_2023,vnncomp2025_benchmarks/benchmarks/acasxu_2023/onnx/ACASXU_run2a_2_6_batch_2000.onnx,vnncomp2025_benchmarks/benchmarks/acasxu_2023/vnnlib/prop_3.vnnlib,.005611583,no_result_in_file,.006430773
acasxu_2023,vnncomp2025_benchmarks/benchmarks/acasxu_2023/onnx/ACASXU_run2a_2_7_batch_2000.onnx,vnncomp2025_benchmarks/benchmarks/acasxu_2023/vnnlib/prop_3.vnnlib,.005830354,no_result_in_file,.006350478
acasxu_2023,vnncomp2025_benchmarks/benchmarks/acasxu_2023/onnx/ACASXU_run2a_2_8_batch_2000.onnx,vnncomp2025_benchmarks/benchmarks/acasxu_2023/vnnlib/prop_3.vnnlib,.005604552,no_result_in_file,.006181140
acasxu_2023,vnncomp2025_benchmarks/benchmarks/acasxu_2023/onnx/ACASXU_run2a_2_9_batch_2000.onnx,vnncomp2025_benchmarks/benchmarks/acasxu_2023/vnnlib/prop_3.vnnlib,.005962640,no_result_in_file,.006546518
acasxu_2023,vnncomp2025_benchmarks/benchmarks/acasxu_2023/onnx/ACASXU_run2a_3_1_batch_2000.onnx,vnncomp2025_benchmarks/benchmarks/acasxu_2023/vnnlib/prop_3.vnnlib,.005542409,no_result_in_file,.006300276
acasxu_2023,vnncomp2025_benchmarks/benchmarks/acasxu_2023/onnx/ACASXU_run2a_3_2_batch_2000.onnx,vnncomp2025_benchmarks/benchmarks/acasxu_2023/vnnlib/prop_3.vnnlib,.006024063,no_result_in_file,.006544078
acasxu_2023,vnncomp2025_benchmarks/benchmarks/acasxu_2023/onnx/ACASXU_run2a_3_3_batch_2000.onnx,vnncomp2025_benchmarks/benchmarks/acasxu_2023/vnnlib/prop_3.vnnlib,.005685296,no_result_in_file,.006649063
acasxu_2023,vnncomp2025_benchmarks/benchmarks/acasxu_2023/onnx/ACASXU_run2a_3_4_batch_2000.onnx,vnncomp2025_benchmarks/benchmarks/acasxu_2023/vnnlib/prop_3.vnnlib,.005680286,no_result_in_file,.006462994
acasxu_2023,vnncomp2025_benchmarks/benchmarks/acasxu_2023/onnx/ACASXU_run2a_3_5_batch_2000.onnx,vnncomp2025_benchmarks/benchmarks/acasxu_2023/vnnlib/prop_3.vnnlib,.005715648,no_result_in_file,.006197602
acasxu_2023,vnncomp2025_benchmarks/benchmarks/acasxu_2023/onnx/ACASXU_run2a_3_6_batch_2000.onnx,vnncomp2025_benchmarks/benchmarks/acasxu_2023/vnnlib/prop_3.vnnlib,.005525819,no_result_in_file,.006257844
acasxu_2023,vnncomp2025_benchmarks/benchmarks/acasxu_2023/onnx/ACASXU_run2a_3_7_batch_2000.onnx,vnncomp2025_benchmarks/benchmarks/acasxu_2023/vnnlib/prop_3.vnnlib,.005546290,no_result_in_file,.006332208
acasxu_2023,vnncomp2025_benchmarks/benchmarks/acasxu_2023/onnx/ACASXU_run2a_3_8_batch_2000.onnx,vnncomp2025_benchmarks/benchmarks/acasxu_2023/vnnlib/prop_3.vnnlib,.005818743,no_result_in_file,.006165490
acasxu_2023,vnncomp2025_benchmarks/benchmarks/acasxu_2023/onnx/ACASXU_run2a_3_9_batch_2000.onnx,vnncomp2025_benchmarks/benchmarks/acasxu_2023/vnnlib/prop_3.vnnlib,.005789361,no_result_in_file,.005975190
acasxu_2023,vnncomp2025_benchmarks/benchmarks/acasxu_2023/onnx/ACASXU_run2a_4_1_batch_2000.onnx,vnncomp2025_benchmarks/benchmarks/acasxu_2023/vnnlib/prop_3.vnnlib,.005989861,no_result_in_file,.006318557
acasxu_2023,vnncomp2025_benchmarks/benchmarks/acasxu_2023/onnx/ACASXU_run2a_4_2_batch_2000.onnx,vnncomp2025_benchmarks/benchmarks/acasxu_2023/vnnlib/prop_3.vnnlib,.005909487,no_result_in_file,.006324727
acasxu_2023,vnncomp2025_benchmarks/benchmarks/acasxu_2023/onnx/ACASXU_run2a_4_3_batch_2000.onnx,vnncomp2025_benchmarks/benchmarks/acasxu_2023/vnnlib/prop_3.vnnlib,.005986391,no_result_in_file,.006762529
acasxu_2023,vnncomp2025_benchmarks/benchmarks/acasxu_2023/onnx/ACASXU_run2a_4_4_batch_2000.onnx,vnncomp2025_benchmarks/benchmarks/acasxu_2023/vnnlib/prop_3.vnnlib,.005773801,no_result_in_file,.006347339
acasxu_2023,vnncomp2025_benchmarks/benchmarks/acasxu_2023/onnx/ACASXU_run2a_4_5_batch_2000.onnx,vnncomp2025_benchmarks/benchmarks/acasxu_2023/vnnlib/prop_3.vnnlib,.005997732,no_result_in_file,.006551749
acasxu_2023,vnncomp2025_benchmarks/benchmarks/acasxu_2023/onnx/ACASXU_run2a_4_6_batch_2000.onnx,vnncomp2025_benchmarks/benchmarks/acasxu_2023/vnnlib/prop_3.vnnlib,.005738119,no_result_in_file,.006309247
acasxu_2023,vnncomp2025_benchmarks/benchmarks/acasxu_2023/onnx/ACASXU_run2a_4_7_batch_2000.onnx,vnncomp2025_benchmarks/benchmarks/acasxu_2023/vnnlib/prop_3.vnnlib,.005678876,no_result_in_file,.006519867
acasxu_2023,vnncomp2025_benchmarks/benchmarks/acasxu_2023/onnx/ACASXU_run2a_4_8_batch_2000.onnx,vnncomp2025_benchmarks/benchmarks/acasxu_2023/vnnlib/prop_3.vnnlib,.005834434,no_result_in_file,.006456903
acasxu_2023,vnncomp2025_benchmarks/benchmarks/acasxu_2023/onnx/ACASXU_run2a_4_9_batch_2000.onnx,vnncomp2025_benchmarks/benchmarks/acasxu_2023/vnnlib/prop_3.vnnlib,.005752279,no_result_in_file,.006313167
acasxu_2023,vnncomp2025_benchmarks/benchmarks/acasxu_2023/onnx/ACASXU_run2a_5_1_batch_2000.onnx,vnncomp2025_benchmarks/benchmarks/acasxu_2023/vnnlib/prop_3.vnnlib,.005707838,no_result_in_file,.006322457
acasxu_2023,vnncomp2025_benchmarks/benchmarks/acasxu_2023/onnx/ACASXU_run2a_5_2_batch_2000.onnx,vnncomp2025_benchmarks/benchmarks/acasxu_2023/vnnlib/prop_3.vnnlib,.005781051,no_result_in_file,.006109547
acasxu_2023,vnncomp2025_benchmarks/benchmarks/acasxu_2023/onnx/ACASXU_run2a_5_3_batch_2000.onnx,vnncomp2025_benchmarks/benchmarks/acasxu_2023/vnnlib/prop_3.vnnlib,.005482906,no_result_in_file,.006384130
acasxu_2023,vnncomp2025_benchmarks/benchmarks/acasxu_2023/onnx/ACASXU_run2a_5_4_batch_2000.onnx,vnncomp2025_benchmarks/benchmarks/acasxu_2023/vnnlib/prop_3.vnnlib,.005700347,no_result_in_file,.006221502
acasxu_2023,vnncomp2025_benchmarks/benchmarks/acasxu_2023/onnx/ACASXU_run2a_5_5_batch_2000.onnx,vnncomp2025_benchmarks/benchmarks/acasxu_2023/vnnlib/prop_3.vnnlib,.005885176,no_result_in_file,.005985051
acasxu_2023,vnncomp2025_benchmarks/benchmarks/acasxu_2023/onnx/ACASXU_run2a_5_6_batch_2000.onnx,vnncomp2025_benchmarks/benchmarks/acasxu_2023/vnnlib/prop_3.vnnlib,.005809592,no_result_in_file,.005991331
acasxu_2023,vnncomp2025_benchmarks/benchmarks/acasxu_2023/onnx/ACASXU_run2a_5_7_batch_2000.onnx,vnncomp2025_benchmarks/benchmarks/acasxu_2023/vnnlib/prop_3.vnnlib,.005779681,no_result_in_file,.006540978
acasxu_2023,vnncomp2025_benchmarks/benchmarks/acasxu_2023/onnx/ACASXU_run2a_5_8_batch_2000.onnx,vnncomp2025_benchmarks/benchmarks/acasxu_2023/vnnlib/prop_3.vnnlib,.006255894,no_result_in_file,.006391180
acasxu_2023,vnncomp2025_benchmarks/benchmarks/acasxu_2023/onnx/ACASXU_run2a_5_9_batch_2000.onnx,vnncomp2025_benchmarks/benchmarks/acasxu_2023/vnnlib/prop_3.vnnlib,.005690366,no_result_in_file,.006340558
acasxu_2023,vnncomp2025_benchmarks/benchmarks/acasxu_2023/onnx/ACASXU_run2a_1_1_batch_2000.onnx,vnncomp2025_benchmarks/benchmarks/acasxu_2023/vnnlib/prop_4.vnnlib,.005820263,no_result_in_file,.006239023
acasxu_2023,vnncomp2025_benchmarks/benchmarks/acasxu_2023/onnx/ACASXU_run2a_1_2_batch_2000.onnx,vnncomp2025_benchmarks/benchmarks/acasxu_2023/vnnlib/prop_4.vnnlib,.005716068,no_result_in_file,.006492545
acasxu_2023,vnncomp2025_benchmarks/benchmarks/acasxu_2023/onnx/ACASXU_run2a_1_3_batch_2000.onnx,vnncomp2025_benchmarks/benchmarks/acasxu_2023/vnnlib/prop_4.vnnlib,.005820953,no_result_in_file,.006370319
acasxu_2023,vnncomp2025_benchmarks/benchmarks/acasxu_2023/onnx/ACASXU_run2a_1_4_batch_2000.onnx,vnncomp2025_benchmarks/benchmarks/acasxu_2023/vnnlib/prop_4.vnnlib,.005756299,no_result_in_file,.006122658
acasxu_2023,vnncomp2025_benchmarks/benchmarks/acasxu_2023/onnx/ACASXU_run2a_1_5_batch_2000.onnx,vnncomp2025_benchmarks/benchmarks/acasxu_2023/vnnlib/prop_4.vnnlib,.005667275,no_result_in_file,.006300126
acasxu_2023,vnncomp2025_benchmarks/benchmarks/acasxu_2023/onnx/ACASXU_run2a_1_6_batch_2000.onnx,vnncomp2025_benchmarks/benchmarks/acasxu_2023/vnnlib/prop_4.vnnlib,.005795432,no_result_in_file,.005993971
acasxu_2023,vnncomp2025_benchmarks/benchmarks/acasxu_2023/onnx/ACASXU_run2a_1_7_batch_2000.onnx,vnncomp2025_benchmarks/benchmarks/acasxu_2023/vnnlib/prop_4.vnnlib,.005559760,no_result_in_file,.005906797
acasxu_2023,vnncomp2025_benchmarks/benchmarks/acasxu_2023/onnx/ACASXU_run2a_1_8_batch_2000.onnx,vnncomp2025_benchmarks/benchmarks/acasxu_2023/vnnlib/prop_4.vnnlib,.005686126,no_result_in_file,.006352499
acasxu_2023,vnncomp2025_benchmarks/benchmarks/acasxu_2023/onnx/ACASXU_run2a_1_9_batch_2000.onnx,vnncomp2025_benchmarks/benchmarks/acasxu_2023/vnnlib/prop_4.vnnlib,.005819233,no_result_in_file,.006411851
acasxu_2023,vnncomp2025_benchmarks/benchmarks/acasxu_2023/onnx/ACASXU_run2a_2_1_batch_2000.onnx,vnncomp2025_benchmarks/benchmarks/acasxu_2023/vnnlib/prop_4.vnnlib,.005846714,no_result_in_file,.006356759
acasxu_2023,vnncomp2025_benchmarks/benchmarks/acasxu_2023/onnx/ACASXU_run2a_2_2_batch_2000.onnx,vnncomp2025_benchmarks/benchmarks/acasxu_2023/vnnlib/prop_4.vnnlib,.005744369,no_result_in_file,.006452774
acasxu_2023,vnncomp2025_benchmarks/benchmarks/acasxu_2023/onnx/ACASXU_run2a_2_3_batch_2000.onnx,vnncomp2025_benchmarks/benchmarks/acasxu_2023/vnnlib/prop_4.vnnlib,.005892216,no_result_in_file,.006305796
acasxu_2023,vnncomp2025_benchmarks/benchmarks/acasxu_2023/onnx/ACASXU_run2a_2_4_batch_2000.onnx,vnncomp2025_benchmarks/benchmarks/acasxu_2023/vnnlib/prop_4.vnnlib,.005723878,no_result_in_file,.006217512
acasxu_2023,vnncomp2025_benchmarks/benchmarks/acasxu_2023/onnx/ACASXU_run2a_2_5_batch_2000.onnx,vnncomp2025_benchmarks/benchmarks/acasxu_2023/vnnlib/prop_4.vnnlib,.005770050,no_result_in_file,.006306596
acasxu_2023,vnncomp2025_benchmarks/benchmarks/acasxu_2023/onnx/ACASXU_run2a_2_6_batch_2000.onnx,vnncomp2025_benchmarks/benchmarks/acasxu_2023/vnnlib/prop_4.vnnlib,.005687466,no_result_in_file,.006236583
acasxu_2023,vnncomp2025_benchmarks/benchmarks/acasxu_2023/onnx/ACASXU_run2a_2_7_batch_2000.onnx,vnncomp2025_benchmarks/benchmarks/acasxu_2023/vnnlib/prop_4.vnnlib,.005642624,no_result_in_file,.006466365
acasxu_2023,vnncomp2025_benchmarks/benchmarks/acasxu_2023/onnx/ACASXU_run2a_2_8_batch_2000.onnx,vnncomp2025_benchmarks/benchmarks/acasxu_2023/vnnlib/prop_4.vnnlib,.005682267,no_result_in_file,.006399511
acasxu_2023,vnncomp2025_benchmarks/benchmarks/acasxu_2023/onnx/ACASXU_run2a_2_9_batch_2000.onnx,vnncomp2025_benchmarks/benchmarks/acasxu_2023/vnnlib/prop_4.vnnlib,.005743729,no_result_in_file,.006240643
acasxu_2023,vnncomp2025_benchmarks/benchmarks/acasxu_2023/onnx/ACASXU_run2a_3_1_batch_2000.onnx,vnncomp2025_benchmarks/benchmarks/acasxu_2023/vnnlib/prop_4.vnnlib,.005905687,no_result_in_file,.006256464
acasxu_2023,vnncomp2025_benchmarks/benchmarks/acasxu_2023/onnx/ACASXU_run2a_3_2_batch_2000.onnx,vnncomp2025_benchmarks/benchmarks/acasxu_2023/vnnlib/prop_4.vnnlib,.005707147,no_result_in_file,.006373840
acasxu_2023,vnncomp2025_benchmarks/benchmarks/acasxu_2023/onnx/ACASXU_run2a_3_3_batch_2000.onnx,vnncomp2025_benchmarks/benchmarks/acasxu_2023/vnnlib/prop_4.vnnlib,.005582182,no_result_in_file,.006241063
acasxu_2023,vnncomp2025_benchmarks/benchmarks/acasxu_2023/onnx/ACASXU_run2a_3_4_batch_2000.onnx,vnncomp2025_benchmarks/benchmarks/acasxu_2023/vnnlib/prop_4.vnnlib,.005697587,no_result_in_file,.006191311
acasxu_2023,vnncomp2025_benchmarks/benchmarks/acasxu_2023/onnx/ACASXU_run2a_3_5_batch_2000.onnx,vnncomp2025_benchmarks/benchmarks/acasxu_2023/vnnlib/prop_4.vnnlib,.005802052,no_result_in_file,.006227863
acasxu_2023,vnncomp2025_benchmarks/benchmarks/acasxu_2023/onnx/ACASXU_run2a_3_6_batch_2000.onnx,vnncomp2025_benchmarks/benchmarks/acasxu_2023/vnnlib/prop_4.vnnlib,.005843454,no_result_in_file,.006387500
acasxu_2023,vnncomp2025_benchmarks/benchmarks/acasxu_2023/onnx/ACASXU_run2a_3_7_batch_2000.onnx,vnncomp2025_benchmarks/benchmarks/acasxu_2023/vnnlib/prop_4.vnnlib,.005779791,no_result_in_file,.006257434
acasxu_2023,vnncomp2025_benchmarks/benchmarks/acasxu_2023/onnx/ACASXU_run2a_3_8_batch_2000.onnx,vnncomp2025_benchmarks/benchmarks/acasxu_2023/vnnlib/prop_4.vnnlib,.005759700,no_result_in_file,.006292915
acasxu_2023,vnncomp2025_benchmarks/benchmarks/acasxu_2023/onnx/ACASXU_run2a_3_9_batch_2000.onnx,vnncomp2025_benchmarks/benchmarks/acasxu_2023/vnnlib/prop_4.vnnlib,.005505168,no_result_in_file,.006228892
acasxu_2023,vnncomp2025_benchmarks/benchmarks/acasxu_2023/onnx/ACASXU_run2a_4_1_batch_2000.onnx,vnncomp2025_benchmarks/benchmarks/acasxu_2023/vnnlib/prop_4.vnnlib,.005788331,no_result_in_file,.006213452
acasxu_2023,vnncomp2025_benchmarks/benchmarks/acasxu_2023/onnx/ACASXU_run2a_4_2_batch_2000.onnx,vnncomp2025_benchmarks/benchmarks/acasxu_2023/vnnlib/prop_4.vnnlib,.005827654,no_result_in_file,.006152209
acasxu_2023,vnncomp2025_benchmarks/benchmarks/acasxu_2023/onnx/ACASXU_run2a_4_3_batch_2000.onnx,vnncomp2025_benchmarks/benchmarks/acasxu_2023/vnnlib/prop_4.vnnlib,.005670716,no_result_in_file,.006288115
acasxu_2023,vnncomp2025_benchmarks/benchmarks/acasxu_2023/onnx/ACASXU_run2a_4_4_batch_2000.onnx,vnncomp2025_benchmarks/benchmarks/acasxu_2023/vnnlib/prop_4.vnnlib,.005609763,no_result_in_file,.006264165
acasxu_2023,vnncomp2025_benchmarks/benchmarks/acasxu_2023/onnx/ACASXU_run2a_4_5_batch_2000.onnx,vnncomp2025_benchmarks/benchmarks/acasxu_2023/vnnlib/prop_4.vnnlib,.005695486,no_result_in_file,.006383910
acasxu_2023,vnncomp2025_benchmarks/benchmarks/acasxu_2023/onnx/ACASXU_run2a_4_6_batch_2000.onnx,vnncomp2025_benchmarks/benchmarks/acasxu_2023/vnnlib/prop_4.vnnlib,.005726188,no_result_in_file,.006097266
acasxu_2023,vnncomp2025_benchmarks/benchmarks/acasxu_2023/onnx/ACASXU_run2a_4_7_batch_2000.onnx,vnncomp2025_benchmarks/benchmarks/acasxu_2023/vnnlib/prop_4.vnnlib,.005714088,no_result_in_file,.006006771
acasxu_2023,vnncomp2025_benchmarks/benchmarks/acasxu_2023/onnx/ACASXU_run2a_4_8_batch_2000.onnx,vnncomp2025_benchmarks/benchmarks/acasxu_2023/vnnlib/prop_4.vnnlib,.005888566,no_result_in_file,.006247523
acasxu_2023,vnncomp2025_benchmarks/benchmarks/acasxu_2023/onnx/ACASXU_run2a_4_9_batch_2000.onnx,vnncomp2025_benchmarks/benchmarks/acasxu_2023/vnnlib/prop_4.vnnlib,.005902156,no_result_in_file,.006015752
acasxu_2023,vnncomp2025_benchmarks/benchmarks/acasxu_2023/onnx/ACASXU_run2a_5_1_batch_2000.onnx,vnncomp2025_benchmarks/benchmarks/acasxu_2023/vnnlib/prop_4.vnnlib,.005755810,no_result_in_file,.006282435
acasxu_2023,vnncomp2025_benchmarks/benchmarks/acasxu_2023/onnx/ACASXU_run2a_5_2_batch_2000.onnx,vnncomp2025_benchmarks/benchmarks/acasxu_2023/vnnlib/prop_4.vnnlib,.005920478,no_result_in_file,.006276285
acasxu_2023,vnncomp2025_benchmarks/benchmarks/acasxu_2023/onnx/ACASXU_run2a_5_3_batch_2000.onnx,vnncomp2025_benchmarks/benchmarks/acasxu_2023/vnnlib/prop_4.vnnlib,.005817943,no_result_in_file,.006138748
acasxu_2023,vnncomp2025_benchmarks/benchmarks/acasxu_2023/onnx/ACASXU_run2a_5_4_batch_2000.onnx,vnncomp2025_benchmarks/benchmarks/acasxu_2023/vnnlib/prop_4.vnnlib,.005584991,no_result_in_file,.006221182
acasxu_2023,vnncomp2025_benchmarks/benchmarks/acasxu_2023/onnx/ACASXU_run2a_5_5_batch_2000.onnx,vnncomp2025_benchmarks/benchmarks/acasxu_2023/vnnlib/prop_4.vnnlib,.005679846,no_result_in_file,.006308926
acasxu_2023,vnncomp2025_benchmarks/benchmarks/acasxu_2023/onnx/ACASXU_run2a_5_6_batch_2000.onnx,vnncomp2025_benchmarks/benchmarks/acasxu_2023/vnnlib/prop_4.vnnlib,.005556650,no_result_in_file,.006004782
acasxu_2023,vnncomp2025_benchmarks/benchmarks/acasxu_2023/onnx/ACASXU_run2a_5_7_batch_2000.onnx,vnncomp2025_benchmarks/benchmarks/acasxu_2023/vnnlib/prop_4.vnnlib,.005689477,no_result_in_file,.006469214
acasxu_2023,vnncomp2025_benchmarks/benchmarks/acasxu_2023/onnx/ACASXU_run2a_5_8_batch_2000.onnx,vnncomp2025_benchmarks/benchmarks/acasxu_2023/vnnlib/prop_4.vnnlib,.005729898,no_result_in_file,.006296586
acasxu_2023,vnncomp2025_benchmarks/benchmarks/acasxu_2023/onnx/ACASXU_run2a_5_9_batch_2000.onnx,vnncomp2025_benchmarks/benchmarks/acasxu_2023/vnnlib/prop_4.vnnlib,.005781861,no_result_in_file,.006428562
acasxu_2023,vnncomp2025_benchmarks/benchmarks/acasxu_2023/onnx/ACASXU_run2a_1_1_batch_2000.onnx,vnncomp2025_benchmarks/benchmarks/acasxu_2023/vnnlib/prop_5.vnnlib,.005790962,no_result_in_file,.006168000
acasxu_2023,vnncomp2025_benchmarks/benchmarks/acasxu_2023/onnx/ACASXU_run2a_1_1_batch_2000.onnx,vnncomp2025_benchmarks/benchmarks/acasxu_2023/vnnlib/prop_6.vnnlib,.005747239,no_result_in_file,.006377950
acasxu_2023,vnncomp2025_benchmarks/benchmarks/acasxu_2023/onnx/ACASXU_run2a_1_9_batch_2000.onnx,vnncomp2025_benchmarks/benchmarks/acasxu_2023/vnnlib/prop_7.vnnlib,.005800841,no_result_in_file,.006320407
acasxu_2023,vnncomp2025_benchmarks/benchmarks/acasxu_2023/onnx/ACASXU_run2a_2_9_batch_2000.onnx,vnncomp2025_benchmarks/benchmarks/acasxu_2023/vnnlib/prop_8.vnnlib,.005686867,no_result_in_file,.006313957
acasxu_2023,vnncomp2025_benchmarks/benchmarks/acasxu_2023/onnx/ACASXU_run2a_3_3_batch_2000.onnx,vnncomp2025_benchmarks/benchmarks/acasxu_2023/vnnlib/prop_9.vnnlib,.005703368,no_result_in_file,.006273614
acasxu_2023,vnncomp2025_benchmarks/benchmarks/acasxu_2023/onnx/ACASXU_run2a_4_5_batch_2000.onnx,vnncomp2025_benchmarks/benchmarks/acasxu_2023/vnnlib/prop_10.vnnlib,.005652365,no_result_in_file,.006447294
acasxu_2023,vnncomp2025_benchmarks/benchmarks/test/onnx/test_nano.onnx,vnncomp2025_benchmarks/benchmarks/test/vnnlib/test_nano.vnnlib,.005725308,no_result_in_file,.006091016
