malbeware,vnncomp2025_benchmarks/benchmarks/malbeware/onnx/malware_malimg_family_scaled_linear-25.onnx,vnncomp2025_benchmarks/benchmarks/malbeware/vnnlib/malbeware_family-Obfuscator.AD_label-17_eps-1_idx-89.vnnlib,4.116179184,unsat,7.846786213
malbeware,vnncomp2025_benchmarks/benchmarks/malbeware/onnx/malware_malimg_family_scaled_linear-25.onnx,vnncomp2025_benchmarks/benchmarks/malbeware/vnnlib/malbeware_family-VB.AT_label-22_eps-3_idx-112.vnnlib,4.135775063,unsat,7.825642196
malbeware,vnncomp2025_benchmarks/benchmarks/malbeware/onnx/malware_malimg_family_scaled_linear-25.onnx,vnncomp2025_benchmarks/benchmarks/malbeware/vnnlib/malbeware_family-Allaple.A_label-2_eps-3_idx-11.vnnlib,4.121787822,unsat,7.845948664
malbeware,vnncomp2025_benchmarks/benchmarks/malbeware/onnx/malware_malimg_family_scaled_linear-25.onnx,vnncomp2025_benchmarks/benchmarks/malbeware/vnnlib/malbeware_family-Skintrim.N_label-19_eps-3_idx-96.vnnlib,4.091840455,unsat,7.851368240
malbeware,vnncomp2025_benchmarks/benchmarks/malbeware/onnx/malware_malimg_family_scaled_linear-25.onnx,vnncomp2025_benchmarks/benchmarks/malbeware/vnnlib/malbeware_family-Lolyda.AA1_label-12_eps-3_idx-64.vnnlib,4.114028004,unsat,7.856496722
malbeware,vnncomp2025_benchmarks/benchmarks/malbeware/onnx/malware_malimg_family_scaled_linear-25.onnx,vnncomp2025_benchmarks/benchmarks/malbeware/vnnlib/malbeware_family-Agent.FYI_label-1_eps-2_idx-8.vnnlib,4.107351917,unsat,7.848598429
malbeware,vnncomp2025_benchmarks/benchmarks/malbeware/onnx/malware_malimg_family_scaled_linear-25.onnx,vnncomp2025_benchmarks/benchmarks/malbeware/vnnlib/malbeware_family-Alueron.gen!J_label-4_eps-3_idx-21.vnnlib,4.146764392,unsat,7.844454248
malbeware,vnncomp2025_benchmarks/benchmarks/malbeware/onnx/malware_malimg_family_scaled_linear-25.onnx,vnncomp2025_benchmarks/benchmarks/malbeware/vnnlib/malbeware_family-Rbotigen_label-18_eps-2_idx-92.vnnlib,4.120620203,unsat,7.876607528
malbeware,vnncomp2025_benchmarks/benchmarks/malbeware/onnx/malware_malimg_family_scaled_linear-25.onnx,vnncomp2025_benchmarks/benchmarks/malbeware/vnnlib/malbeware_family-Yuner.A_label-24_eps-3_idx-120.vnnlib,4.128614307,unsat,7.893417663
malbeware,vnncomp2025_benchmarks/benchmarks/malbeware/onnx/malware_malimg_family_scaled_linear-25.onnx,vnncomp2025_benchmarks/benchmarks/malbeware/vnnlib/malbeware_family-Swizzor.gen!E_label-20_eps-3_idx-102.vnnlib,4.126520232,unsat,7.843211180
malbeware,vnncomp2025_benchmarks/benchmarks/malbeware/onnx/malware_malimg_family_scaled_linear-25.onnx,vnncomp2025_benchmarks/benchmarks/malbeware/vnnlib/malbeware_family-Lolyda.AA1_label-12_eps-3_idx-60.vnnlib,4.111552686,unsat,7.861523359
malbeware,vnncomp2025_benchmarks/benchmarks/malbeware/onnx/malware_malimg_family_scaled_linear-25.onnx,vnncomp2025_benchmarks/benchmarks/malbeware/vnnlib/malbeware_family-Skintrim.N_label-19_eps-1_idx-96.vnnlib,4.144693207,unsat,7.845526702
malbeware,vnncomp2025_benchmarks/benchmarks/malbeware/onnx/malware_malimg_family_scaled_linear-25.onnx,vnncomp2025_benchmarks/benchmarks/malbeware/vnnlib/malbeware_family-Fakerean_label-10_eps-3_idx-54.vnnlib,4.131775276,unsat,7.854117479
malbeware,vnncomp2025_benchmarks/benchmarks/malbeware/onnx/malware_malimg_family_scaled_linear-25.onnx,vnncomp2025_benchmarks/benchmarks/malbeware/vnnlib/malbeware_family-Allaple.L_label-3_eps-2_idx-16.vnnlib,4.122148796,unsat,7.908524392
malbeware,vnncomp2025_benchmarks/benchmarks/malbeware/onnx/malware_malimg_family_scaled_linear-25.onnx,vnncomp2025_benchmarks/benchmarks/malbeware/vnnlib/malbeware_family-Adialer.C_label-0_eps-1_idx-4.vnnlib,4.123805753,unsat,7.883431666
malbeware,vnncomp2025_benchmarks/benchmarks/malbeware/onnx/malware_malimg_family_scaled_linear-25.onnx,vnncomp2025_benchmarks/benchmarks/malbeware/vnnlib/malbeware_family-Wintrim.BX_label-23_eps-3_idx-119.vnnlib,4.125124631,unsat,7.842756611
malbeware,vnncomp2025_benchmarks/benchmarks/malbeware/onnx/malware_malimg_family_scaled_linear-25.onnx,vnncomp2025_benchmarks/benchmarks/malbeware/vnnlib/malbeware_family-Rbotigen_label-18_eps-2_idx-94.vnnlib,4.146358653,unsat,7.911648579
malbeware,vnncomp2025_benchmarks/benchmarks/malbeware/onnx/malware_malimg_family_scaled_linear-25.onnx,vnncomp2025_benchmarks/benchmarks/malbeware/vnnlib/malbeware_family-Obfuscator.AD_label-17_eps-2_idx-87.vnnlib,4.134860812,unsat,7.857802097
malbeware,vnncomp2025_benchmarks/benchmarks/malbeware/onnx/malware_malimg_family_scaled_linear-25.onnx,vnncomp2025_benchmarks/benchmarks/malbeware/vnnlib/malbeware_family-Lolyda.AA3_label-14_eps-1_idx-71.vnnlib,4.143735366,unsat,7.868274437
malbeware,vnncomp2025_benchmarks/benchmarks/malbeware/onnx/malware_malimg_family_scaled_linear-25.onnx,vnncomp2025_benchmarks/benchmarks/malbeware/vnnlib/malbeware_family-Malex.gen!J_label-16_eps-1_idx-84.vnnlib,4.151464435,unsat,7.885926139
malbeware,vnncomp2025_benchmarks/benchmarks/malbeware/onnx/malware_malimg_family_scaled_linear-25.onnx,vnncomp2025_benchmarks/benchmarks/malbeware/vnnlib/malbeware_family-Dontovo.A_label-9_eps-1_idx-48.vnnlib,4.138585384,unsat,7.866261703
malbeware,vnncomp2025_benchmarks/benchmarks/malbeware/onnx/malware_malimg_family_scaled_linear-25.onnx,vnncomp2025_benchmarks/benchmarks/malbeware/vnnlib/malbeware_family-Swizzor.gen!E_label-20_eps-3_idx-100.vnnlib,4.154163822,sat,7.768294982
malbeware,vnncomp2025_benchmarks/benchmarks/malbeware/onnx/malware_malimg_family_scaled_linear-25.onnx,vnncomp2025_benchmarks/benchmarks/malbeware/vnnlib/malbeware_family-Wintrim.BX_label-23_eps-2_idx-117.vnnlib,4.132275606,unsat,7.840306918
malbeware,vnncomp2025_benchmarks/benchmarks/malbeware/onnx/malware_malimg_family_scaled_linear-25.onnx,vnncomp2025_benchmarks/benchmarks/malbeware/vnnlib/malbeware_family-Autorun.K_label-5_eps-1_idx-25.vnnlib,4.131887659,unsat,7.868098033
malbeware,vnncomp2025_benchmarks/benchmarks/malbeware/onnx/malware_malimg_family_scaled_linear-25.onnx,vnncomp2025_benchmarks/benchmarks/malbeware/vnnlib/malbeware_family-Lolyda.AA3_label-14_eps-3_idx-71.vnnlib,4.180630059,unsat,7.888551828
malbeware,vnncomp2025_benchmarks/benchmarks/malbeware/onnx/malware_malimg_family_scaled_linear-25.onnx,vnncomp2025_benchmarks/benchmarks/malbeware/vnnlib/malbeware_family-Agent.FYI_label-1_eps-3_idx-8.vnnlib,4.124774054,unsat,7.883850995
malbeware,vnncomp2025_benchmarks/benchmarks/malbeware/onnx/malware_malimg_family_scaled_linear-25.onnx,vnncomp2025_benchmarks/benchmarks/malbeware/vnnlib/malbeware_family-Allaple.A_label-2_eps-3_idx-12.vnnlib,4.154490500,unsat,7.883617040
malbeware,vnncomp2025_benchmarks/benchmarks/malbeware/onnx/malware_malimg_family_scaled_linear-25.onnx,vnncomp2025_benchmarks/benchmarks/malbeware/vnnlib/malbeware_family-Lolyda.AA2_label-13_eps-2_idx-68.vnnlib,4.123372124,unsat,7.933415622
malbeware,vnncomp2025_benchmarks/benchmarks/malbeware/onnx/malware_malimg_family_scaled_linear-25.onnx,vnncomp2025_benchmarks/benchmarks/malbeware/vnnlib/malbeware_family-Lolyda.AA2_label-13_eps-1_idx-66.vnnlib,4.138888701,unsat,7.874293337
malbeware,vnncomp2025_benchmarks/benchmarks/malbeware/onnx/malware_malimg_family_scaled_linear-25.onnx,vnncomp2025_benchmarks/benchmarks/malbeware/vnnlib/malbeware_family-Autorun.K_label-5_eps-2_idx-29.vnnlib,4.166435419,unsat,7.900688132
malbeware,vnncomp2025_benchmarks/benchmarks/malbeware/onnx/malware_malimg_family_scaled_linear-25.onnx,vnncomp2025_benchmarks/benchmarks/malbeware/vnnlib/malbeware_family-Lolyda.AT_label-15_eps-1_idx-79.vnnlib,4.147120309,unsat,7.845611213
malbeware,vnncomp2025_benchmarks/benchmarks/malbeware/onnx/malware_malimg_family_scaled_linear-25.onnx,vnncomp2025_benchmarks/benchmarks/malbeware/vnnlib/malbeware_family-VB.AT_label-22_eps-2_idx-112.vnnlib,4.138283557,unsat,7.876383032
malbeware,vnncomp2025_benchmarks/benchmarks/malbeware/onnx/malware_malimg_family_scaled_linear-25.onnx,vnncomp2025_benchmarks/benchmarks/malbeware/vnnlib/malbeware_family-C2LOP.P_label-6_eps-2_idx-30.vnnlib,4.153424287,unsat,7.891175863
malbeware,vnncomp2025_benchmarks/benchmarks/malbeware/onnx/malware_malimg_family_scaled_linear-25.onnx,vnncomp2025_benchmarks/benchmarks/malbeware/vnnlib/malbeware_family-Instantaccess_label-11_eps-2_idx-57.vnnlib,4.130720533,unsat,7.892226127
malbeware,vnncomp2025_benchmarks/benchmarks/malbeware/onnx/malware_malimg_family_scaled_linear-25.onnx,vnncomp2025_benchmarks/benchmarks/malbeware/vnnlib/malbeware_family-Dialplatform.B_label-8_eps-1_idx-40.vnnlib,4.124198631,unsat,7.913082600
malbeware,vnncomp2025_benchmarks/benchmarks/malbeware/onnx/malware_malimg_family_scaled_linear-25.onnx,vnncomp2025_benchmarks/benchmarks/malbeware/vnnlib/malbeware_family-Malex.gen!J_label-16_eps-3_idx-82.vnnlib,4.168913404,unsat,7.911495966
malbeware,vnncomp2025_benchmarks/benchmarks/malbeware/onnx/malware_malimg_family_scaled_linear-25.onnx,vnncomp2025_benchmarks/benchmarks/malbeware/vnnlib/malbeware_family-Autorun.K_label-5_eps-1_idx-27.vnnlib,4.158545657,unsat,7.882144678
malbeware,vnncomp2025_benchmarks/benchmarks/malbeware/onnx/malware_malimg_family_scaled_linear-25.onnx,vnncomp2025_benchmarks/benchmarks/malbeware/vnnlib/malbeware_family-Allaple.L_label-3_eps-3_idx-16.vnnlib,4.165335956,unsat,7.860697972
malbeware,vnncomp2025_benchmarks/benchmarks/malbeware/onnx/malware_malimg_family_scaled_linear-25.onnx,vnncomp2025_benchmarks/benchmarks/malbeware/vnnlib/malbeware_family-Allaple.L_label-3_eps-1_idx-18.vnnlib,4.141383375,unsat,7.877186130
malbeware,vnncomp2025_benchmarks/benchmarks/malbeware/onnx/malware_malimg_family_scaled_linear-25.onnx,vnncomp2025_benchmarks/benchmarks/malbeware/vnnlib/malbeware_family-Swizzor.gen!E_label-20_eps-2_idx-104.vnnlib,4.136943398,unsat,7.910033465
malbeware,vnncomp2025_benchmarks/benchmarks/malbeware/onnx/malware_malimg_family_scaled_linear-25.onnx,vnncomp2025_benchmarks/benchmarks/malbeware/vnnlib/malbeware_family-VB.AT_label-22_eps-3_idx-111.vnnlib,4.151836403,unsat,7.924073909
malbeware,vnncomp2025_benchmarks/benchmarks/malbeware/onnx/malware_malimg_family_scaled_linear-25.onnx,vnncomp2025_benchmarks/benchmarks/malbeware/vnnlib/malbeware_family-Rbotigen_label-18_eps-2_idx-93.vnnlib,4.132398790,unsat,7.875076104
malbeware,vnncomp2025_benchmarks/benchmarks/malbeware/onnx/malware_malimg_family_scaled_linear-25.onnx,vnncomp2025_benchmarks/benchmarks/malbeware/vnnlib/malbeware_family-Lolyda.AT_label-15_eps-2_idx-76.vnnlib,4.173607745,unsat,7.937516192
malbeware,vnncomp2025_benchmarks/benchmarks/malbeware/onnx/malware_malimg_family_scaled_linear-25.onnx,vnncomp2025_benchmarks/benchmarks/malbeware/vnnlib/malbeware_family-C2LOP.P_label-6_eps-2_idx-31.vnnlib,4.110875042,unsat,7.941822946
malbeware,vnncomp2025_benchmarks/benchmarks/malbeware/onnx/malware_malimg_family_scaled_linear-25.onnx,vnncomp2025_benchmarks/benchmarks/malbeware/vnnlib/malbeware_family-Allaple.L_label-3_eps-2_idx-18.vnnlib,4.168541155,unsat,7.901260774
malbeware,vnncomp2025_benchmarks/benchmarks/malbeware/onnx/malware_malimg_family_scaled_linear-25.onnx,vnncomp2025_benchmarks/benchmarks/malbeware/vnnlib/malbeware_family-Autorun.K_label-5_eps-1_idx-28.vnnlib,4.203016395,unsat,7.902041500
malbeware,vnncomp2025_benchmarks/benchmarks/malbeware/onnx/malware_malimg_family_scaled_linear-25.onnx,vnncomp2025_benchmarks/benchmarks/malbeware/vnnlib/malbeware_family-Allaple.A_label-2_eps-2_idx-13.vnnlib,4.163961966,unsat,7.898103156
malbeware,vnncomp2025_benchmarks/benchmarks/malbeware/onnx/malware_malimg_family_scaled_linear-25.onnx,vnncomp2025_benchmarks/benchmarks/malbeware/vnnlib/malbeware_family-Alueron.gen!J_label-4_eps-1_idx-23.vnnlib,4.146297181,unsat,7.926059273
malbeware,vnncomp2025_benchmarks/benchmarks/malbeware/onnx/malware_malimg_family_scaled_linear-25.onnx,vnncomp2025_benchmarks/benchmarks/malbeware/vnnlib/malbeware_family-Dialplatform.B_label-8_eps-2_idx-43.vnnlib,4.171069990,unsat,7.930808976
malbeware,vnncomp2025_benchmarks/benchmarks/malbeware/onnx/malware_malimg_family_scaled_linear-25.onnx,vnncomp2025_benchmarks/benchmarks/malbeware/vnnlib/malbeware_family-Instantaccess_label-11_eps-2_idx-55.vnnlib,4.158948967,unsat,7.899776392
malbeware,vnncomp2025_benchmarks/benchmarks/malbeware/onnx/malware_malimg_family_scaled_4-25.onnx,vnncomp2025_benchmarks/benchmarks/malbeware/vnnlib/malbeware_family-Obfuscator.AD_label-17_eps-1_idx-89.vnnlib,4.196889882,unsat,8.871912750
malbeware,vnncomp2025_benchmarks/benchmarks/malbeware/onnx/malware_malimg_family_scaled_4-25.onnx,vnncomp2025_benchmarks/benchmarks/malbeware/vnnlib/malbeware_family-VB.AT_label-22_eps-3_idx-112.vnnlib,4.202938914,unsat,8.798061744
malbeware,vnncomp2025_benchmarks/benchmarks/malbeware/onnx/malware_malimg_family_scaled_4-25.onnx,vnncomp2025_benchmarks/benchmarks/malbeware/vnnlib/malbeware_family-Allaple.A_label-2_eps-3_idx-11.vnnlib,4.204998108,timeout,110.591994874
malbeware,vnncomp2025_benchmarks/benchmarks/malbeware/onnx/malware_malimg_family_scaled_4-25.onnx,vnncomp2025_benchmarks/benchmarks/malbeware/vnnlib/malbeware_family-Skintrim.N_label-19_eps-3_idx-96.vnnlib,4.184730408,unsat,8.798308880
malbeware,vnncomp2025_benchmarks/benchmarks/malbeware/onnx/malware_malimg_family_scaled_4-25.onnx,vnncomp2025_benchmarks/benchmarks/malbeware/vnnlib/malbeware_family-Lolyda.AA1_label-12_eps-3_idx-64.vnnlib,4.246380508,unsat,8.799145090
malbeware,vnncomp2025_benchmarks/benchmarks/malbeware/onnx/malware_malimg_family_scaled_4-25.onnx,vnncomp2025_benchmarks/benchmarks/malbeware/vnnlib/malbeware_family-Agent.FYI_label-1_eps-2_idx-8.vnnlib,4.212663415,unsat,8.816877134
malbeware,vnncomp2025_benchmarks/benchmarks/malbeware/onnx/malware_malimg_family_scaled_4-25.onnx,vnncomp2025_benchmarks/benchmarks/malbeware/vnnlib/malbeware_family-Alueron.gen!J_label-4_eps-3_idx-21.vnnlib,4.219758789,sat,8.617750514
malbeware,vnncomp2025_benchmarks/benchmarks/malbeware/onnx/malware_malimg_family_scaled_4-25.onnx,vnncomp2025_benchmarks/benchmarks/malbeware/vnnlib/malbeware_family-Rbotigen_label-18_eps-2_idx-92.vnnlib,4.188920559,unsat,8.810644378
malbeware,vnncomp2025_benchmarks/benchmarks/malbeware/onnx/malware_malimg_family_scaled_4-25.onnx,vnncomp2025_benchmarks/benchmarks/malbeware/vnnlib/malbeware_family-Yuner.A_label-24_eps-3_idx-120.vnnlib,4.212606783,unsat,8.776792962
malbeware,vnncomp2025_benchmarks/benchmarks/malbeware/onnx/malware_malimg_family_scaled_4-25.onnx,vnncomp2025_benchmarks/benchmarks/malbeware/vnnlib/malbeware_family-Swizzor.gen!E_label-20_eps-3_idx-102.vnnlib,4.203205489,sat,8.619246907
malbeware,vnncomp2025_benchmarks/benchmarks/malbeware/onnx/malware_malimg_family_scaled_4-25.onnx,vnncomp2025_benchmarks/benchmarks/malbeware/vnnlib/malbeware_family-Lolyda.AA1_label-12_eps-3_idx-60.vnnlib,4.191143187,unsat,8.864957679
malbeware,vnncomp2025_benchmarks/benchmarks/malbeware/onnx/malware_malimg_family_scaled_4-25.onnx,vnncomp2025_benchmarks/benchmarks/malbeware/vnnlib/malbeware_family-Skintrim.N_label-19_eps-1_idx-96.vnnlib,4.162273209,unsat,8.823624881
malbeware,vnncomp2025_benchmarks/benchmarks/malbeware/onnx/malware_malimg_family_scaled_4-25.onnx,vnncomp2025_benchmarks/benchmarks/malbeware/vnnlib/malbeware_family-Fakerean_label-10_eps-3_idx-54.vnnlib,4.178588394,unsat,8.814111774
malbeware,vnncomp2025_benchmarks/benchmarks/malbeware/onnx/malware_malimg_family_scaled_4-25.onnx,vnncomp2025_benchmarks/benchmarks/malbeware/vnnlib/malbeware_family-Allaple.L_label-3_eps-2_idx-16.vnnlib,4.176262623,unsat,8.894199086
malbeware,vnncomp2025_benchmarks/benchmarks/malbeware/onnx/malware_malimg_family_scaled_4-25.onnx,vnncomp2025_benchmarks/benchmarks/malbeware/vnnlib/malbeware_family-Adialer.C_label-0_eps-1_idx-4.vnnlib,4.134906064,unsat,8.814474541
malbeware,vnncomp2025_benchmarks/benchmarks/malbeware/onnx/malware_malimg_family_scaled_4-25.onnx,vnncomp2025_benchmarks/benchmarks/malbeware/vnnlib/malbeware_family-Wintrim.BX_label-23_eps-3_idx-119.vnnlib,4.230259258,timeout,111.111271517
malbeware,vnncomp2025_benchmarks/benchmarks/malbeware/onnx/malware_malimg_family_scaled_4-25.onnx,vnncomp2025_benchmarks/benchmarks/malbeware/vnnlib/malbeware_family-Rbotigen_label-18_eps-2_idx-94.vnnlib,4.198494246,unsat,8.755400367
malbeware,vnncomp2025_benchmarks/benchmarks/malbeware/onnx/malware_malimg_family_scaled_4-25.onnx,vnncomp2025_benchmarks/benchmarks/malbeware/vnnlib/malbeware_family-Obfuscator.AD_label-17_eps-2_idx-87.vnnlib,4.177454669,unsat,8.872025823
malbeware,vnncomp2025_benchmarks/benchmarks/malbeware/onnx/malware_malimg_family_scaled_4-25.onnx,vnncomp2025_benchmarks/benchmarks/malbeware/vnnlib/malbeware_family-Lolyda.AA3_label-14_eps-1_idx-71.vnnlib,4.188702644,unsat,8.804981316
malbeware,vnncomp2025_benchmarks/benchmarks/malbeware/onnx/malware_malimg_family_scaled_4-25.onnx,vnncomp2025_benchmarks/benchmarks/malbeware/vnnlib/malbeware_family-Malex.gen!J_label-16_eps-1_idx-84.vnnlib,4.202777110,unsat,8.798835912
malbeware,vnncomp2025_benchmarks/benchmarks/malbeware/onnx/malware_malimg_family_scaled_4-25.onnx,vnncomp2025_benchmarks/benchmarks/malbeware/vnnlib/malbeware_family-Dontovo.A_label-9_eps-1_idx-48.vnnlib,4.175136368,unsat,8.788828984
malbeware,vnncomp2025_benchmarks/benchmarks/malbeware/onnx/malware_malimg_family_scaled_4-25.onnx,vnncomp2025_benchmarks/benchmarks/malbeware/vnnlib/malbeware_family-Swizzor.gen!E_label-20_eps-3_idx-100.vnnlib,4.207596904,sat,8.628107828
malbeware,vnncomp2025_benchmarks/benchmarks/malbeware/onnx/malware_malimg_family_scaled_4-25.onnx,vnncomp2025_benchmarks/benchmarks/malbeware/vnnlib/malbeware_family-Wintrim.BX_label-23_eps-2_idx-117.vnnlib,4.169561477,unsat,8.869466173
malbeware,vnncomp2025_benchmarks/benchmarks/malbeware/onnx/malware_malimg_family_scaled_4-25.onnx,vnncomp2025_benchmarks/benchmarks/malbeware/vnnlib/malbeware_family-Autorun.K_label-5_eps-1_idx-25.vnnlib,4.159688934,unsat,8.725118045
malbeware,vnncomp2025_benchmarks/benchmarks/malbeware/onnx/malware_malimg_family_scaled_4-25.onnx,vnncomp2025_benchmarks/benchmarks/malbeware/vnnlib/malbeware_family-Lolyda.AA3_label-14_eps-3_idx-71.vnnlib,4.189736534,unsat,8.873296578
malbeware,vnncomp2025_benchmarks/benchmarks/malbeware/onnx/malware_malimg_family_scaled_4-25.onnx,vnncomp2025_benchmarks/benchmarks/malbeware/vnnlib/malbeware_family-Agent.FYI_label-1_eps-3_idx-8.vnnlib,4.177821572,unsat,8.836396086
malbeware,vnncomp2025_benchmarks/benchmarks/malbeware/onnx/malware_malimg_family_scaled_4-25.onnx,vnncomp2025_benchmarks/benchmarks/malbeware/vnnlib/malbeware_family-Allaple.A_label-2_eps-3_idx-12.vnnlib,4.186446962,timeout,110.566562304
malbeware,vnncomp2025_benchmarks/benchmarks/malbeware/onnx/malware_malimg_family_scaled_4-25.onnx,vnncomp2025_benchmarks/benchmarks/malbeware/vnnlib/malbeware_family-Lolyda.AA2_label-13_eps-2_idx-68.vnnlib,4.226096382,unsat,8.813839272
malbeware,vnncomp2025_benchmarks/benchmarks/malbeware/onnx/malware_malimg_family_scaled_4-25.onnx,vnncomp2025_benchmarks/benchmarks/malbeware/vnnlib/malbeware_family-Lolyda.AA2_label-13_eps-1_idx-66.vnnlib,4.214493157,unsat,8.817083682
malbeware,vnncomp2025_benchmarks/benchmarks/malbeware/onnx/malware_malimg_family_scaled_4-25.onnx,vnncomp2025_benchmarks/benchmarks/malbeware/vnnlib/malbeware_family-Autorun.K_label-5_eps-2_idx-29.vnnlib,4.190260526,unsat,8.872832236
malbeware,vnncomp2025_benchmarks/benchmarks/malbeware/onnx/malware_malimg_family_scaled_4-25.onnx,vnncomp2025_benchmarks/benchmarks/malbeware/vnnlib/malbeware_family-Lolyda.AT_label-15_eps-1_idx-79.vnnlib,4.204800615,unsat,8.822858920
malbeware,vnncomp2025_benchmarks/benchmarks/malbeware/onnx/malware_malimg_family_scaled_4-25.onnx,vnncomp2025_benchmarks/benchmarks/malbeware/vnnlib/malbeware_family-VB.AT_label-22_eps-2_idx-112.vnnlib,4.206352218,unsat,8.815021287
malbeware,vnncomp2025_benchmarks/benchmarks/malbeware/onnx/malware_malimg_family_scaled_4-25.onnx,vnncomp2025_benchmarks/benchmarks/malbeware/vnnlib/malbeware_family-C2LOP.P_label-6_eps-2_idx-30.vnnlib,4.198121239,sat,8.616875869
malbeware,vnncomp2025_benchmarks/benchmarks/malbeware/onnx/malware_malimg_family_scaled_4-25.onnx,vnncomp2025_benchmarks/benchmarks/malbeware/vnnlib/malbeware_family-Instantaccess_label-11_eps-2_idx-57.vnnlib,4.148909748,unsat,8.835935097
malbeware,vnncomp2025_benchmarks/benchmarks/malbeware/onnx/malware_malimg_family_scaled_4-25.onnx,vnncomp2025_benchmarks/benchmarks/malbeware/vnnlib/malbeware_family-Dialplatform.B_label-8_eps-1_idx-40.vnnlib,4.217038963,unsat,8.732971177
malbeware,vnncomp2025_benchmarks/benchmarks/malbeware/onnx/malware_malimg_family_scaled_4-25.onnx,vnncomp2025_benchmarks/benchmarks/malbeware/vnnlib/malbeware_family-Malex.gen!J_label-16_eps-3_idx-82.vnnlib,4.164721315,sat,8.610447467
malbeware,vnncomp2025_benchmarks/benchmarks/malbeware/onnx/malware_malimg_family_scaled_4-25.onnx,vnncomp2025_benchmarks/benchmarks/malbeware/vnnlib/malbeware_family-Autorun.K_label-5_eps-1_idx-27.vnnlib,4.252793767,unsat,8.811738175
malbeware,vnncomp2025_benchmarks/benchmarks/malbeware/onnx/malware_malimg_family_scaled_4-25.onnx,vnncomp2025_benchmarks/benchmarks/malbeware/vnnlib/malbeware_family-Allaple.L_label-3_eps-3_idx-16.vnnlib,4.218961325,sat,8.633903472
malbeware,vnncomp2025_benchmarks/benchmarks/malbeware/onnx/malware_malimg_family_scaled_4-25.onnx,vnncomp2025_benchmarks/benchmarks/malbeware/vnnlib/malbeware_family-Allaple.L_label-3_eps-1_idx-18.vnnlib,4.152776172,unsat,8.827165194
malbeware,vnncomp2025_benchmarks/benchmarks/malbeware/onnx/malware_malimg_family_scaled_4-25.onnx,vnncomp2025_benchmarks/benchmarks/malbeware/vnnlib/malbeware_family-Swizzor.gen!E_label-20_eps-2_idx-104.vnnlib,4.195759346,sat,8.675203529
malbeware,vnncomp2025_benchmarks/benchmarks/malbeware/onnx/malware_malimg_family_scaled_4-25.onnx,vnncomp2025_benchmarks/benchmarks/malbeware/vnnlib/malbeware_family-VB.AT_label-22_eps-3_idx-111.vnnlib,4.203258710,unsat,8.789169619
malbeware,vnncomp2025_benchmarks/benchmarks/malbeware/onnx/malware_malimg_family_scaled_4-25.onnx,vnncomp2025_benchmarks/benchmarks/malbeware/vnnlib/malbeware_family-Rbotigen_label-18_eps-2_idx-93.vnnlib,4.192825762,unsat,8.828695608
malbeware,vnncomp2025_benchmarks/benchmarks/malbeware/onnx/malware_malimg_family_scaled_4-25.onnx,vnncomp2025_benchmarks/benchmarks/malbeware/vnnlib/malbeware_family-Lolyda.AT_label-15_eps-2_idx-76.vnnlib,4.167479046,unsat,8.788771090
malbeware,vnncomp2025_benchmarks/benchmarks/malbeware/onnx/malware_malimg_family_scaled_4-25.onnx,vnncomp2025_benchmarks/benchmarks/malbeware/vnnlib/malbeware_family-C2LOP.P_label-6_eps-2_idx-31.vnnlib,4.164721004,unsat,8.862178143
malbeware,vnncomp2025_benchmarks/benchmarks/malbeware/onnx/malware_malimg_family_scaled_4-25.onnx,vnncomp2025_benchmarks/benchmarks/malbeware/vnnlib/malbeware_family-Allaple.L_label-3_eps-2_idx-18.vnnlib,4.202410402,sat,8.622779699
malbeware,vnncomp2025_benchmarks/benchmarks/malbeware/onnx/malware_malimg_family_scaled_4-25.onnx,vnncomp2025_benchmarks/benchmarks/malbeware/vnnlib/malbeware_family-Autorun.K_label-5_eps-1_idx-28.vnnlib,4.212394942,unsat,8.857855647
malbeware,vnncomp2025_benchmarks/benchmarks/malbeware/onnx/malware_malimg_family_scaled_4-25.onnx,vnncomp2025_benchmarks/benchmarks/malbeware/vnnlib/malbeware_family-Allaple.A_label-2_eps-2_idx-13.vnnlib,4.155873251,unsat,8.816372797
malbeware,vnncomp2025_benchmarks/benchmarks/malbeware/onnx/malware_malimg_family_scaled_4-25.onnx,vnncomp2025_benchmarks/benchmarks/malbeware/vnnlib/malbeware_family-Alueron.gen!J_label-4_eps-1_idx-23.vnnlib,4.200835568,unsat,8.791047681
malbeware,vnncomp2025_benchmarks/benchmarks/malbeware/onnx/malware_malimg_family_scaled_4-25.onnx,vnncomp2025_benchmarks/benchmarks/malbeware/vnnlib/malbeware_family-Dialplatform.B_label-8_eps-2_idx-43.vnnlib,4.173366785,unsat,8.848336028
malbeware,vnncomp2025_benchmarks/benchmarks/malbeware/onnx/malware_malimg_family_scaled_4-25.onnx,vnncomp2025_benchmarks/benchmarks/malbeware/vnnlib/malbeware_family-Instantaccess_label-11_eps-2_idx-55.vnnlib,4.166208548,unsat,8.886963936
malbeware,vnncomp2025_benchmarks/benchmarks/malbeware/onnx/malware_malimg_family_scaled_16-25.onnx,vnncomp2025_benchmarks/benchmarks/malbeware/vnnlib/malbeware_family-Obfuscator.AD_label-17_eps-1_idx-89.vnnlib,4.396287008,unsat,9.175800366
malbeware,vnncomp2025_benchmarks/benchmarks/malbeware/onnx/malware_malimg_family_scaled_16-25.onnx,vnncomp2025_benchmarks/benchmarks/malbeware/vnnlib/malbeware_family-VB.AT_label-22_eps-3_idx-112.vnnlib,4.320782500,unsat,9.398833811
malbeware,vnncomp2025_benchmarks/benchmarks/malbeware/onnx/malware_malimg_family_scaled_16-25.onnx,vnncomp2025_benchmarks/benchmarks/malbeware/vnnlib/malbeware_family-Allaple.A_label-2_eps-3_idx-11.vnnlib,4.305232649,unknown,9.357869281
malbeware,vnncomp2025_benchmarks/benchmarks/malbeware/onnx/malware_malimg_family_scaled_16-25.onnx,vnncomp2025_benchmarks/benchmarks/malbeware/vnnlib/malbeware_family-Skintrim.N_label-19_eps-3_idx-96.vnnlib,4.308753526,unknown,9.278993749
malbeware,vnncomp2025_benchmarks/benchmarks/malbeware/onnx/malware_malimg_family_scaled_16-25.onnx,vnncomp2025_benchmarks/benchmarks/malbeware/vnnlib/malbeware_family-Lolyda.AA1_label-12_eps-3_idx-64.vnnlib,4.324054352,unsat,9.199838573
malbeware,vnncomp2025_benchmarks/benchmarks/malbeware/onnx/malware_malimg_family_scaled_16-25.onnx,vnncomp2025_benchmarks/benchmarks/malbeware/vnnlib/malbeware_family-Agent.FYI_label-1_eps-2_idx-8.vnnlib,4.343325005,unsat,9.123508598
malbeware,vnncomp2025_benchmarks/benchmarks/malbeware/onnx/malware_malimg_family_scaled_16-25.onnx,vnncomp2025_benchmarks/benchmarks/malbeware/vnnlib/malbeware_family-Alueron.gen!J_label-4_eps-3_idx-21.vnnlib,4.294198987,unknown,9.277074898
malbeware,vnncomp2025_benchmarks/benchmarks/malbeware/onnx/malware_malimg_family_scaled_16-25.onnx,vnncomp2025_benchmarks/benchmarks/malbeware/vnnlib/malbeware_family-Rbotigen_label-18_eps-2_idx-92.vnnlib,4.301694611,unsat,9.372906912
malbeware,vnncomp2025_benchmarks/benchmarks/malbeware/onnx/malware_malimg_family_scaled_16-25.onnx,vnncomp2025_benchmarks/benchmarks/malbeware/vnnlib/malbeware_family-Yuner.A_label-24_eps-3_idx-120.vnnlib,4.304938154,unknown,9.433698928
malbeware,vnncomp2025_benchmarks/benchmarks/malbeware/onnx/malware_malimg_family_scaled_16-25.onnx,vnncomp2025_benchmarks/benchmarks/malbeware/vnnlib/malbeware_family-Swizzor.gen!E_label-20_eps-3_idx-102.vnnlib,4.298674935,sat,8.690366562
malbeware,vnncomp2025_benchmarks/benchmarks/malbeware/onnx/malware_malimg_family_scaled_16-25.onnx,vnncomp2025_benchmarks/benchmarks/malbeware/vnnlib/malbeware_family-Lolyda.AA1_label-12_eps-3_idx-60.vnnlib,4.347453396,unsat,9.225710760
malbeware,vnncomp2025_benchmarks/benchmarks/malbeware/onnx/malware_malimg_family_scaled_16-25.onnx,vnncomp2025_benchmarks/benchmarks/malbeware/vnnlib/malbeware_family-Skintrim.N_label-19_eps-1_idx-96.vnnlib,4.313424379,unsat,9.144911367
malbeware,vnncomp2025_benchmarks/benchmarks/malbeware/onnx/malware_malimg_family_scaled_16-25.onnx,vnncomp2025_benchmarks/benchmarks/malbeware/vnnlib/malbeware_family-Fakerean_label-10_eps-3_idx-54.vnnlib,4.318896509,sat,8.681138100
malbeware,vnncomp2025_benchmarks/benchmarks/malbeware/onnx/malware_malimg_family_scaled_16-25.onnx,vnncomp2025_benchmarks/benchmarks/malbeware/vnnlib/malbeware_family-Allaple.L_label-3_eps-2_idx-16.vnnlib,4.289176797,unsat,9.190728363
malbeware,vnncomp2025_benchmarks/benchmarks/malbeware/onnx/malware_malimg_family_scaled_16-25.onnx,vnncomp2025_benchmarks/benchmarks/malbeware/vnnlib/malbeware_family-Adialer.C_label-0_eps-1_idx-4.vnnlib,4.286257413,unsat,9.126728138
malbeware,vnncomp2025_benchmarks/benchmarks/malbeware/onnx/malware_malimg_family_scaled_16-25.onnx,vnncomp2025_benchmarks/benchmarks/malbeware/vnnlib/malbeware_family-Wintrim.BX_label-23_eps-3_idx-119.vnnlib,4.298177214,sat,8.603014065
malbeware,vnncomp2025_benchmarks/benchmarks/malbeware/onnx/malware_malimg_family_scaled_16-25.onnx,vnncomp2025_benchmarks/benchmarks/malbeware/vnnlib/malbeware_family-Rbotigen_label-18_eps-2_idx-94.vnnlib,4.299894421,unknown,9.212869189
malbeware,vnncomp2025_benchmarks/benchmarks/malbeware/onnx/malware_malimg_family_scaled_16-25.onnx,vnncomp2025_benchmarks/benchmarks/malbeware/vnnlib/malbeware_family-Obfuscator.AD_label-17_eps-2_idx-87.vnnlib,4.332646140,unsat,9.153130898
malbeware,vnncomp2025_benchmarks/benchmarks/malbeware/onnx/malware_malimg_family_scaled_16-25.onnx,vnncomp2025_benchmarks/benchmarks/malbeware/vnnlib/malbeware_family-Lolyda.AA3_label-14_eps-1_idx-71.vnnlib,4.311920376,unsat,9.064847831
malbeware,vnncomp2025_benchmarks/benchmarks/malbeware/onnx/malware_malimg_family_scaled_16-25.onnx,vnncomp2025_benchmarks/benchmarks/malbeware/vnnlib/malbeware_family-Malex.gen!J_label-16_eps-1_idx-84.vnnlib,4.288652155,unsat,9.037922129
malbeware,vnncomp2025_benchmarks/benchmarks/malbeware/onnx/malware_malimg_family_scaled_16-25.onnx,vnncomp2025_benchmarks/benchmarks/malbeware/vnnlib/malbeware_family-Dontovo.A_label-9_eps-1_idx-48.vnnlib,4.312788444,unsat,9.091926175
malbeware,vnncomp2025_benchmarks/benchmarks/malbeware/onnx/malware_malimg_family_scaled_16-25.onnx,vnncomp2025_benchmarks/benchmarks/malbeware/vnnlib/malbeware_family-Swizzor.gen!E_label-20_eps-3_idx-100.vnnlib,4.340337550,sat,8.646829796
malbeware,vnncomp2025_benchmarks/benchmarks/malbeware/onnx/malware_malimg_family_scaled_16-25.onnx,vnncomp2025_benchmarks/benchmarks/malbeware/vnnlib/malbeware_family-Wintrim.BX_label-23_eps-2_idx-117.vnnlib,4.323592401,unsat,9.386286895
malbeware,vnncomp2025_benchmarks/benchmarks/malbeware/onnx/malware_malimg_family_scaled_16-25.onnx,vnncomp2025_benchmarks/benchmarks/malbeware/vnnlib/malbeware_family-Autorun.K_label-5_eps-1_idx-25.vnnlib,4.279977494,unsat,9.092782424
malbeware,vnncomp2025_benchmarks/benchmarks/malbeware/onnx/malware_malimg_family_scaled_16-25.onnx,vnncomp2025_benchmarks/benchmarks/malbeware/vnnlib/malbeware_family-Lolyda.AA3_label-14_eps-3_idx-71.vnnlib,4.319728157,unsat,9.138803084
malbeware,vnncomp2025_benchmarks/benchmarks/malbeware/onnx/malware_malimg_family_scaled_16-25.onnx,vnncomp2025_benchmarks/benchmarks/malbeware/vnnlib/malbeware_family-Agent.FYI_label-1_eps-3_idx-8.vnnlib,4.289524094,unsat,9.116081775
malbeware,vnncomp2025_benchmarks/benchmarks/malbeware/onnx/malware_malimg_family_scaled_16-25.onnx,vnncomp2025_benchmarks/benchmarks/malbeware/vnnlib/malbeware_family-Allaple.A_label-2_eps-3_idx-12.vnnlib,4.318945280,sat,8.669078764
malbeware,vnncomp2025_benchmarks/benchmarks/malbeware/onnx/malware_malimg_family_scaled_16-25.onnx,vnncomp2025_benchmarks/benchmarks/malbeware/vnnlib/malbeware_family-Lolyda.AA2_label-13_eps-2_idx-68.vnnlib,4.278335569,unsat,9.095556644
malbeware,vnncomp2025_benchmarks/benchmarks/malbeware/onnx/malware_malimg_family_scaled_16-25.onnx,vnncomp2025_benchmarks/benchmarks/malbeware/vnnlib/malbeware_family-Lolyda.AA2_label-13_eps-1_idx-66.vnnlib,4.307872827,unsat,9.021805746
malbeware,vnncomp2025_benchmarks/benchmarks/malbeware/onnx/malware_malimg_family_scaled_16-25.onnx,vnncomp2025_benchmarks/benchmarks/malbeware/vnnlib/malbeware_family-Autorun.K_label-5_eps-2_idx-29.vnnlib,4.264166857,unsat,9.381648933
malbeware,vnncomp2025_benchmarks/benchmarks/malbeware/onnx/malware_malimg_family_scaled_16-25.onnx,vnncomp2025_benchmarks/benchmarks/malbeware/vnnlib/malbeware_family-Lolyda.AT_label-15_eps-1_idx-79.vnnlib,4.261368246,unsat,9.064021162
malbeware,vnncomp2025_benchmarks/benchmarks/malbeware/onnx/malware_malimg_family_scaled_16-25.onnx,vnncomp2025_benchmarks/benchmarks/malbeware/vnnlib/malbeware_family-VB.AT_label-22_eps-2_idx-112.vnnlib,4.302755684,unsat,9.127375912
malbeware,vnncomp2025_benchmarks/benchmarks/malbeware/onnx/malware_malimg_family_scaled_16-25.onnx,vnncomp2025_benchmarks/benchmarks/malbeware/vnnlib/malbeware_family-C2LOP.P_label-6_eps-2_idx-30.vnnlib,4.277609263,sat,8.623451152
malbeware,vnncomp2025_benchmarks/benchmarks/malbeware/onnx/malware_malimg_family_scaled_16-25.onnx,vnncomp2025_benchmarks/benchmarks/malbeware/vnnlib/malbeware_family-Instantaccess_label-11_eps-2_idx-57.vnnlib,4.328493169,unsat,9.176781327
malbeware,vnncomp2025_benchmarks/benchmarks/malbeware/onnx/malware_malimg_family_scaled_16-25.onnx,vnncomp2025_benchmarks/benchmarks/malbeware/vnnlib/malbeware_family-Dialplatform.B_label-8_eps-1_idx-40.vnnlib,4.312320454,unsat,9.020116739
malbeware,vnncomp2025_benchmarks/benchmarks/malbeware/onnx/malware_malimg_family_scaled_16-25.onnx,vnncomp2025_benchmarks/benchmarks/malbeware/vnnlib/malbeware_family-Malex.gen!J_label-16_eps-3_idx-82.vnnlib,4.302078270,unknown,9.276541277
malbeware,vnncomp2025_benchmarks/benchmarks/malbeware/onnx/malware_malimg_family_scaled_16-25.onnx,vnncomp2025_benchmarks/benchmarks/malbeware/vnnlib/malbeware_family-Autorun.K_label-5_eps-1_idx-27.vnnlib,4.310652178,unsat,9.106629846
malbeware,vnncomp2025_benchmarks/benchmarks/malbeware/onnx/malware_malimg_family_scaled_16-25.onnx,vnncomp2025_benchmarks/benchmarks/malbeware/vnnlib/malbeware_family-Allaple.L_label-3_eps-3_idx-16.vnnlib,4.299519764,unknown,9.282667332
malbeware,vnncomp2025_benchmarks/benchmarks/malbeware/onnx/malware_malimg_family_scaled_16-25.onnx,vnncomp2025_benchmarks/benchmarks/malbeware/vnnlib/malbeware_family-Allaple.L_label-3_eps-1_idx-18.vnnlib,4.269383492,unsat,9.099386988
malbeware,vnncomp2025_benchmarks/benchmarks/malbeware/onnx/malware_malimg_family_scaled_16-25.onnx,vnncomp2025_benchmarks/benchmarks/malbeware/vnnlib/malbeware_family-Swizzor.gen!E_label-20_eps-2_idx-104.vnnlib,4.310946314,sat,8.563673461
malbeware,vnncomp2025_benchmarks/benchmarks/malbeware/onnx/malware_malimg_family_scaled_16-25.onnx,vnncomp2025_benchmarks/benchmarks/malbeware/vnnlib/malbeware_family-VB.AT_label-22_eps-3_idx-111.vnnlib,4.334439169,unsat,9.383721308
malbeware,vnncomp2025_benchmarks/benchmarks/malbeware/onnx/malware_malimg_family_scaled_16-25.onnx,vnncomp2025_benchmarks/benchmarks/malbeware/vnnlib/malbeware_family-Rbotigen_label-18_eps-2_idx-93.vnnlib,4.285466995,unknown,9.228026602
malbeware,vnncomp2025_benchmarks/benchmarks/malbeware/onnx/malware_malimg_family_scaled_16-25.onnx,vnncomp2025_benchmarks/benchmarks/malbeware/vnnlib/malbeware_family-Lolyda.AT_label-15_eps-2_idx-76.vnnlib,4.293565153,unsat,9.203906275
malbeware,vnncomp2025_benchmarks/benchmarks/malbeware/onnx/malware_malimg_family_scaled_16-25.onnx,vnncomp2025_benchmarks/benchmarks/malbeware/vnnlib/malbeware_family-C2LOP.P_label-6_eps-2_idx-31.vnnlib,4.287539139,sat,8.599702613
malbeware,vnncomp2025_benchmarks/benchmarks/malbeware/onnx/malware_malimg_family_scaled_16-25.onnx,vnncomp2025_benchmarks/benchmarks/malbeware/vnnlib/malbeware_family-Allaple.L_label-3_eps-2_idx-18.vnnlib,4.303312518,sat,8.626761301
malbeware,vnncomp2025_benchmarks/benchmarks/malbeware/onnx/malware_malimg_family_scaled_16-25.onnx,vnncomp2025_benchmarks/benchmarks/malbeware/vnnlib/malbeware_family-Autorun.K_label-5_eps-1_idx-28.vnnlib,4.308721708,unsat,9.109306221
malbeware,vnncomp2025_benchmarks/benchmarks/malbeware/onnx/malware_malimg_family_scaled_16-25.onnx,vnncomp2025_benchmarks/benchmarks/malbeware/vnnlib/malbeware_family-Allaple.A_label-2_eps-2_idx-13.vnnlib,4.302948939,unsat,9.332072896
malbeware,vnncomp2025_benchmarks/benchmarks/malbeware/onnx/malware_malimg_family_scaled_16-25.onnx,vnncomp2025_benchmarks/benchmarks/malbeware/vnnlib/malbeware_family-Alueron.gen!J_label-4_eps-1_idx-23.vnnlib,4.312153784,unsat,9.122011832
malbeware,vnncomp2025_benchmarks/benchmarks/malbeware/onnx/malware_malimg_family_scaled_16-25.onnx,vnncomp2025_benchmarks/benchmarks/malbeware/vnnlib/malbeware_family-Dialplatform.B_label-8_eps-2_idx-43.vnnlib,4.347108656,unsat,9.114214259
malbeware,vnncomp2025_benchmarks/benchmarks/malbeware/onnx/malware_malimg_family_scaled_16-25.onnx,vnncomp2025_benchmarks/benchmarks/malbeware/vnnlib/malbeware_family-Instantaccess_label-11_eps-2_idx-55.vnnlib,4.304347013,unsat,9.182819176
malbeware,vnncomp2025_benchmarks/benchmarks/test/onnx/test_nano.onnx,vnncomp2025_benchmarks/benchmarks/test/vnnlib/test_nano.vnnlib,4.077550177,unsat,7.778538057
