nn4sys,vnncomp2025_benchmarks/benchmarks/nn4sys/onnx/pensieve_small_simple.onnx,vnncomp2025_benchmarks/benchmarks/nn4sys/vnnlib/pensieve_simple_0.vnnlib,.010185840,unsat,18.285605338
nn4sys,vnncomp2025_benchmarks/benchmarks/nn4sys/onnx/pensieve_big_parallel.onnx,vnncomp2025_benchmarks/benchmarks/nn4sys/vnnlib/pensieve_parallel_1.vnnlib,.010361312,unsat,24.107686062
nn4sys,vnncomp2025_benchmarks/benchmarks/nn4sys/onnx/pensieve_small_simple.onnx,vnncomp2025_benchmarks/benchmarks/nn4sys/vnnlib/pensieve_simple_2.vnnlib,.010765662,unsat,17.389445093
nn4sys,vnncomp2025_benchmarks/benchmarks/nn4sys/onnx/pensieve_small_simple.onnx,vnncomp2025_benchmarks/benchmarks/nn4sys/vnnlib/pensieve_simple_3.vnnlib,.010019318,unsat,17.304544282
nn4sys,vnncomp2025_benchmarks/benchmarks/nn4sys/onnx/pensieve_small_parallel.onnx,vnncomp2025_benchmarks/benchmarks/nn4sys/vnnlib/pensieve_parallel_4.vnnlib,.010275619,unsat,21.019593150
nn4sys,vnncomp2025_benchmarks/benchmarks/nn4sys/onnx/pensieve_small_simple.onnx,vnncomp2025_benchmarks/benchmarks/nn4sys/vnnlib/pensieve_simple_5.vnnlib,.010442034,unsat,17.221036727
nn4sys,vnncomp2025_benchmarks/benchmarks/nn4sys/onnx/pensieve_mid_simple.onnx,vnncomp2025_benchmarks/benchmarks/nn4sys/vnnlib/pensieve_simple_6.vnnlib,.010130313,unsat,17.519197963
nn4sys,vnncomp2025_benchmarks/benchmarks/nn4sys/onnx/pensieve_big_simple.onnx,vnncomp2025_benchmarks/benchmarks/nn4sys/vnnlib/pensieve_simple_7.vnnlib,.010097702,unsat,17.596949964
nn4sys,vnncomp2025_benchmarks/benchmarks/nn4sys/onnx/pensieve_big_parallel.onnx,vnncomp2025_benchmarks/benchmarks/nn4sys/vnnlib/pensieve_parallel_8.vnnlib,.010627572,unsat,21.970212636
nn4sys,vnncomp2025_benchmarks/benchmarks/nn4sys/onnx/pensieve_small_parallel.onnx,vnncomp2025_benchmarks/benchmarks/nn4sys/vnnlib/pensieve_parallel_9.vnnlib,.010115681,unsat,21.074753708
nn4sys,vnncomp2025_benchmarks/benchmarks/nn4sys/onnx/pensieve_big_simple.onnx,vnncomp2025_benchmarks/benchmarks/nn4sys/vnnlib/pensieve_simple_10.vnnlib,.010240660,unsat,17.501121282
nn4sys,vnncomp2025_benchmarks/benchmarks/nn4sys/onnx/pensieve_mid_simple.onnx,vnncomp2025_benchmarks/benchmarks/nn4sys/vnnlib/pensieve_simple_11.vnnlib,.010611759,unsat,17.548481697
nn4sys,vnncomp2025_benchmarks/benchmarks/nn4sys/onnx/pensieve_big_simple.onnx,vnncomp2025_benchmarks/benchmarks/nn4sys/vnnlib/pensieve_simple_12.vnnlib,.010289686,unsat,17.471778507
nn4sys,vnncomp2025_benchmarks/benchmarks/nn4sys/onnx/pensieve_small_simple.onnx,vnncomp2025_benchmarks/benchmarks/nn4sys/vnnlib/pensieve_simple_13.vnnlib,.010143895,unsat,17.282697753
nn4sys,vnncomp2025_benchmarks/benchmarks/nn4sys/onnx/pensieve_big_simple.onnx,vnncomp2025_benchmarks/benchmarks/nn4sys/vnnlib/pensieve_simple_14.vnnlib,.009923254,unsat,17.624998380
nn4sys,vnncomp2025_benchmarks/benchmarks/nn4sys/onnx/pensieve_small_simple.onnx,vnncomp2025_benchmarks/benchmarks/nn4sys/vnnlib/pensieve_simple_15.vnnlib,.010208399,unsat,17.274304407
nn4sys,vnncomp2025_benchmarks/benchmarks/nn4sys/onnx/pensieve_small_simple.onnx,vnncomp2025_benchmarks/benchmarks/nn4sys/vnnlib/pensieve_simple_16.vnnlib,.010018538,unsat,17.411717623
nn4sys,vnncomp2025_benchmarks/benchmarks/nn4sys/onnx/pensieve_small_parallel.onnx,vnncomp2025_benchmarks/benchmarks/nn4sys/vnnlib/pensieve_parallel_17.vnnlib,.010305906,unsat,21.001611110
nn4sys,vnncomp2025_benchmarks/benchmarks/nn4sys/onnx/pensieve_small_simple.onnx,vnncomp2025_benchmarks/benchmarks/nn4sys/vnnlib/pensieve_simple_18.vnnlib,.010337089,unsat,17.334874667
nn4sys,vnncomp2025_benchmarks/benchmarks/nn4sys/onnx/pensieve_small_parallel.onnx,vnncomp2025_benchmarks/benchmarks/nn4sys/vnnlib/pensieve_parallel_19.vnnlib,.010372739,unsat,20.951653296
nn4sys,vnncomp2025_benchmarks/benchmarks/nn4sys/onnx/pensieve_small_parallel.onnx,vnncomp2025_benchmarks/benchmarks/nn4sys/vnnlib/pensieve_parallel_20.vnnlib,.010194163,unsat,20.881686436
nn4sys,vnncomp2025_benchmarks/benchmarks/nn4sys/onnx/pensieve_mid_simple.onnx,vnncomp2025_benchmarks/benchmarks/nn4sys/vnnlib/pensieve_simple_21.vnnlib,.010521724,unsat,17.526031099
nn4sys,vnncomp2025_benchmarks/benchmarks/nn4sys/onnx/pensieve_big_simple.onnx,vnncomp2025_benchmarks/benchmarks/nn4sys/vnnlib/pensieve_simple_22.vnnlib,.010177139,unsat,17.602994752
nn4sys,vnncomp2025_benchmarks/benchmarks/nn4sys/onnx/pensieve_big_parallel.onnx,vnncomp2025_benchmarks/benchmarks/nn4sys/vnnlib/pensieve_parallel_23.vnnlib,.010061246,unsat,22.085505222
nn4sys,vnncomp2025_benchmarks/benchmarks/nn4sys/onnx/pensieve_big_parallel.onnx,vnncomp2025_benchmarks/benchmarks/nn4sys/vnnlib/pensieve_parallel_24.vnnlib,.009843856,unsat,22.099411499
nn4sys,vnncomp2025_benchmarks/benchmarks/nn4sys/onnx/pensieve_big_simple.onnx,vnncomp2025_benchmarks/benchmarks/nn4sys/vnnlib/pensieve_simple_25.vnnlib,.009956636,unsat,17.570887643
nn4sys,vnncomp2025_benchmarks/benchmarks/nn4sys/onnx/pensieve_big_simple.onnx,vnncomp2025_benchmarks/benchmarks/nn4sys/vnnlib/pensieve_simple_26.vnnlib,.010404319,unsat,17.488201649
nn4sys,vnncomp2025_benchmarks/benchmarks/nn4sys/onnx/pensieve_small_parallel.onnx,vnncomp2025_benchmarks/benchmarks/nn4sys/vnnlib/pensieve_parallel_27.vnnlib,.010126544,unsat,21.018192997
nn4sys,vnncomp2025_benchmarks/benchmarks/nn4sys/onnx/pensieve_small_simple.onnx,vnncomp2025_benchmarks/benchmarks/nn4sys/vnnlib/pensieve_simple_28.vnnlib,.009976992,unsat,17.296766227
nn4sys,vnncomp2025_benchmarks/benchmarks/nn4sys/onnx/pensieve_big_simple.onnx,vnncomp2025_benchmarks/benchmarks/nn4sys/vnnlib/pensieve_simple_29.vnnlib,.010201807,unsat,17.466071577
nn4sys,vnncomp2025_benchmarks/benchmarks/nn4sys/onnx/pensieve_big_parallel.onnx,vnncomp2025_benchmarks/benchmarks/nn4sys/vnnlib/pensieve_parallel_30.vnnlib,.010206067,unsat,21.941658201
nn4sys,vnncomp2025_benchmarks/benchmarks/nn4sys/onnx/pensieve_big_simple.onnx,vnncomp2025_benchmarks/benchmarks/nn4sys/vnnlib/pensieve_simple_31.vnnlib,.010327362,unsat,17.482490740
nn4sys,vnncomp2025_benchmarks/benchmarks/nn4sys/onnx/pensieve_small_parallel.onnx,vnncomp2025_benchmarks/benchmarks/nn4sys/vnnlib/pensieve_parallel_32.vnnlib,.009829209,unsat,20.986966376
nn4sys,vnncomp2025_benchmarks/benchmarks/nn4sys/onnx/pensieve_small_parallel.onnx,vnncomp2025_benchmarks/benchmarks/nn4sys/vnnlib/pensieve_parallel_33.vnnlib,.009988125,unsat,20.976659773
nn4sys,vnncomp2025_benchmarks/benchmarks/nn4sys/onnx/pensieve_small_simple.onnx,vnncomp2025_benchmarks/benchmarks/nn4sys/vnnlib/pensieve_simple_34.vnnlib,.010177605,unsat,17.395938295
nn4sys,vnncomp2025_benchmarks/benchmarks/nn4sys/onnx/pensieve_big_parallel.onnx,vnncomp2025_benchmarks/benchmarks/nn4sys/vnnlib/pensieve_parallel_35.vnnlib,.010342819,unsat,22.205797186
nn4sys,vnncomp2025_benchmarks/benchmarks/nn4sys/onnx/pensieve_big_parallel.onnx,vnncomp2025_benchmarks/benchmarks/nn4sys/vnnlib/pensieve_parallel_36.vnnlib,.010356495,unsat,22.127221015
nn4sys,vnncomp2025_benchmarks/benchmarks/nn4sys/onnx/pensieve_big_parallel.onnx,vnncomp2025_benchmarks/benchmarks/nn4sys/vnnlib/pensieve_parallel_37.vnnlib,.010135525,unsat,22.031433091
nn4sys,vnncomp2025_benchmarks/benchmarks/nn4sys/onnx/pensieve_big_parallel.onnx,vnncomp2025_benchmarks/benchmarks/nn4sys/vnnlib/pensieve_parallel_38.vnnlib,.010136748,unsat,22.115678101
nn4sys,vnncomp2025_benchmarks/benchmarks/nn4sys/onnx/pensieve_big_parallel.onnx,vnncomp2025_benchmarks/benchmarks/nn4sys/vnnlib/pensieve_parallel_39.vnnlib,.010129881,unsat,22.109529936
nn4sys,vnncomp2025_benchmarks/benchmarks/nn4sys/onnx/pensieve_big_parallel.onnx,vnncomp2025_benchmarks/benchmarks/nn4sys/vnnlib/pensieve_parallel_40.vnnlib,.010186068,unsat,21.972672241
nn4sys,vnncomp2025_benchmarks/benchmarks/nn4sys/onnx/pensieve_big_parallel.onnx,vnncomp2025_benchmarks/benchmarks/nn4sys/vnnlib/pensieve_parallel_41.vnnlib,.010297779,unsat,22.243955336
nn4sys,vnncomp2025_benchmarks/benchmarks/nn4sys/onnx/pensieve_big_parallel.onnx,vnncomp2025_benchmarks/benchmarks/nn4sys/vnnlib/pensieve_parallel_42.vnnlib,.009987545,unsat,21.946962479
nn4sys,vnncomp2025_benchmarks/benchmarks/nn4sys/onnx/pensieve_big_parallel.onnx,vnncomp2025_benchmarks/benchmarks/nn4sys/vnnlib/pensieve_parallel_43.vnnlib,.010343330,unsat,21.997726296
nn4sys,vnncomp2025_benchmarks/benchmarks/nn4sys/onnx/pensieve_big_parallel.onnx,vnncomp2025_benchmarks/benchmarks/nn4sys/vnnlib/pensieve_parallel_44.vnnlib,.009933590,unsat,21.984255543
nn4sys,vnncomp2025_benchmarks/benchmarks/nn4sys/onnx/pensieve_big_parallel.onnx,vnncomp2025_benchmarks/benchmarks/nn4sys/vnnlib/pensieve_parallel_45.vnnlib,.010423428,unsat,22.023940540
nn4sys,vnncomp2025_benchmarks/benchmarks/nn4sys/onnx/pensieve_big_parallel.onnx,vnncomp2025_benchmarks/benchmarks/nn4sys/vnnlib/pensieve_parallel_46.vnnlib,.010105977,unsat,22.130123510
nn4sys,vnncomp2025_benchmarks/benchmarks/nn4sys/onnx/pensieve_big_parallel.onnx,vnncomp2025_benchmarks/benchmarks/nn4sys/vnnlib/pensieve_parallel_47.vnnlib,.010046681,unsat,22.006627575
nn4sys,vnncomp2025_benchmarks/benchmarks/nn4sys/onnx/pensieve_big_parallel.onnx,vnncomp2025_benchmarks/benchmarks/nn4sys/vnnlib/pensieve_parallel_48.vnnlib,.010342586,unsat,22.038411778
nn4sys,vnncomp2025_benchmarks/benchmarks/nn4sys/onnx/pensieve_big_parallel.onnx,vnncomp2025_benchmarks/benchmarks/nn4sys/vnnlib/pensieve_parallel_49.vnnlib,.010064415,unsat,22.028482040
nn4sys,vnncomp2025_benchmarks/benchmarks/nn4sys/onnx/pensieve_big_parallel.onnx,vnncomp2025_benchmarks/benchmarks/nn4sys/vnnlib/pensieve_parallel_50.vnnlib,.010533709,unsat,22.091934648
nn4sys,vnncomp2025_benchmarks/benchmarks/nn4sys/onnx/pensieve_big_parallel.onnx,vnncomp2025_benchmarks/benchmarks/nn4sys/vnnlib/pensieve_parallel_51.vnnlib,.010122628,unsat,21.950992520
nn4sys,vnncomp2025_benchmarks/benchmarks/nn4sys/onnx/pensieve_big_parallel.onnx,vnncomp2025_benchmarks/benchmarks/nn4sys/vnnlib/pensieve_parallel_52.vnnlib,.010373139,unsat,22.118238097
nn4sys,vnncomp2025_benchmarks/benchmarks/nn4sys/onnx/pensieve_big_parallel.onnx,vnncomp2025_benchmarks/benchmarks/nn4sys/vnnlib/pensieve_parallel_53.vnnlib,.010500000,unsat,22.081469885
nn4sys,vnncomp2025_benchmarks/benchmarks/nn4sys/onnx/pensieve_big_parallel.onnx,vnncomp2025_benchmarks/benchmarks/nn4sys/vnnlib/pensieve_parallel_54.vnnlib,.010230370,unsat,21.990623064
nn4sys,vnncomp2025_benchmarks/benchmarks/nn4sys/onnx/pensieve_big_parallel.onnx,vnncomp2025_benchmarks/benchmarks/nn4sys/vnnlib/pensieve_parallel_55.vnnlib,.010070147,unsat,22.004715141
nn4sys,vnncomp2025_benchmarks/benchmarks/nn4sys/onnx/pensieve_big_parallel.onnx,vnncomp2025_benchmarks/benchmarks/nn4sys/vnnlib/pensieve_parallel_56.vnnlib,.009884326,unsat,22.014990698
nn4sys,vnncomp2025_benchmarks/benchmarks/nn4sys/onnx/pensieve_big_parallel.onnx,vnncomp2025_benchmarks/benchmarks/nn4sys/vnnlib/pensieve_parallel_57.vnnlib,.010081095,unsat,21.959698311
nn4sys,vnncomp2025_benchmarks/benchmarks/nn4sys/onnx/pensieve_big_parallel.onnx,vnncomp2025_benchmarks/benchmarks/nn4sys/vnnlib/pensieve_parallel_58.vnnlib,.010417796,unsat,21.973318243
nn4sys,vnncomp2025_benchmarks/benchmarks/nn4sys/onnx/pensieve_big_parallel.onnx,vnncomp2025_benchmarks/benchmarks/nn4sys/vnnlib/pensieve_parallel_59.vnnlib,.010407363,unsat,21.993913491
nn4sys,vnncomp2025_benchmarks/benchmarks/nn4sys/onnx/pensieve_big_parallel.onnx,vnncomp2025_benchmarks/benchmarks/nn4sys/vnnlib/pensieve_parallel_60.vnnlib,.010068864,unsat,21.941921561
nn4sys,vnncomp2025_benchmarks/benchmarks/nn4sys/onnx/pensieve_big_parallel.onnx,vnncomp2025_benchmarks/benchmarks/nn4sys/vnnlib/pensieve_parallel_61.vnnlib,.010343824,unsat,21.907100988
nn4sys,vnncomp2025_benchmarks/benchmarks/nn4sys/onnx/pensieve_big_parallel.onnx,vnncomp2025_benchmarks/benchmarks/nn4sys/vnnlib/pensieve_parallel_62.vnnlib,.010685624,unsat,22.089282757
nn4sys,vnncomp2025_benchmarks/benchmarks/nn4sys/onnx/pensieve_big_parallel.onnx,vnncomp2025_benchmarks/benchmarks/nn4sys/vnnlib/pensieve_parallel_63.vnnlib,.010273729,unsat,22.064383512
nn4sys,vnncomp2025_benchmarks/benchmarks/nn4sys/onnx/pensieve_big_parallel.onnx,vnncomp2025_benchmarks/benchmarks/nn4sys/vnnlib/pensieve_parallel_64.vnnlib,.010350651,unsat,22.029270935
nn4sys,vnncomp2025_benchmarks/benchmarks/nn4sys/onnx/pensieve_big_parallel.onnx,vnncomp2025_benchmarks/benchmarks/nn4sys/vnnlib/pensieve_parallel_65.vnnlib,.010131274,unsat,22.037879818
nn4sys,vnncomp2025_benchmarks/benchmarks/nn4sys/onnx/pensieve_big_parallel.onnx,vnncomp2025_benchmarks/benchmarks/nn4sys/vnnlib/pensieve_parallel_66.vnnlib,.010472289,unsat,21.993997169
nn4sys,vnncomp2025_benchmarks/benchmarks/nn4sys/onnx/pensieve_big_parallel.onnx,vnncomp2025_benchmarks/benchmarks/nn4sys/vnnlib/pensieve_parallel_67.vnnlib,.010422481,unsat,21.873650336
nn4sys,vnncomp2025_benchmarks/benchmarks/nn4sys/onnx/pensieve_big_parallel.onnx,vnncomp2025_benchmarks/benchmarks/nn4sys/vnnlib/pensieve_parallel_68.vnnlib,.010261868,unsat,22.088585953
nn4sys,vnncomp2025_benchmarks/benchmarks/nn4sys/onnx/pensieve_big_parallel.onnx,vnncomp2025_benchmarks/benchmarks/nn4sys/vnnlib/pensieve_parallel_69.vnnlib,.009959922,unsat,22.175280325
nn4sys,vnncomp2025_benchmarks/benchmarks/nn4sys/onnx/pensieve_big_parallel.onnx,vnncomp2025_benchmarks/benchmarks/nn4sys/vnnlib/pensieve_parallel_70.vnnlib,.010135439,unsat,21.827435093
nn4sys,vnncomp2025_benchmarks/benchmarks/nn4sys/onnx/pensieve_big_parallel.onnx,vnncomp2025_benchmarks/benchmarks/nn4sys/vnnlib/pensieve_parallel_71.vnnlib,.010115799,unsat,22.164923445
nn4sys,vnncomp2025_benchmarks/benchmarks/nn4sys/onnx/pensieve_big_parallel.onnx,vnncomp2025_benchmarks/benchmarks/nn4sys/vnnlib/pensieve_parallel_72.vnnlib,.010089011,unsat,21.932545473
nn4sys,vnncomp2025_benchmarks/benchmarks/nn4sys/onnx/pensieve_big_parallel.onnx,vnncomp2025_benchmarks/benchmarks/nn4sys/vnnlib/pensieve_parallel_73.vnnlib,.010104840,unsat,21.997128308
nn4sys,vnncomp2025_benchmarks/benchmarks/nn4sys/onnx/pensieve_big_parallel.onnx,vnncomp2025_benchmarks/benchmarks/nn4sys/vnnlib/pensieve_parallel_74.vnnlib,.009910767,unsat,21.958616421
nn4sys,vnncomp2025_benchmarks/benchmarks/nn4sys/onnx/pensieve_big_parallel.onnx,vnncomp2025_benchmarks/benchmarks/nn4sys/vnnlib/pensieve_parallel_75.vnnlib,.010065260,unsat,22.069417992
nn4sys,vnncomp2025_benchmarks/benchmarks/nn4sys/onnx/pensieve_big_parallel.onnx,vnncomp2025_benchmarks/benchmarks/nn4sys/vnnlib/pensieve_parallel_76.vnnlib,.010560271,unsat,22.116235374
nn4sys,vnncomp2025_benchmarks/benchmarks/nn4sys/onnx/pensieve_big_parallel.onnx,vnncomp2025_benchmarks/benchmarks/nn4sys/vnnlib/pensieve_parallel_77.vnnlib,.010117971,unsat,22.058990564
nn4sys,vnncomp2025_benchmarks/benchmarks/nn4sys/onnx/pensieve_big_parallel.onnx,vnncomp2025_benchmarks/benchmarks/nn4sys/vnnlib/pensieve_parallel_78.vnnlib,.010032220,unsat,22.003220987
nn4sys,vnncomp2025_benchmarks/benchmarks/nn4sys/onnx/pensieve_big_parallel.onnx,vnncomp2025_benchmarks/benchmarks/nn4sys/vnnlib/pensieve_parallel_79.vnnlib,.010048740,unsat,22.000131739
nn4sys,vnncomp2025_benchmarks/benchmarks/nn4sys/onnx/pensieve_big_parallel.onnx,vnncomp2025_benchmarks/benchmarks/nn4sys/vnnlib/pensieve_parallel_80.vnnlib,.010467078,unsat,22.052918214
nn4sys,vnncomp2025_benchmarks/benchmarks/nn4sys/onnx/pensieve_big_parallel.onnx,vnncomp2025_benchmarks/benchmarks/nn4sys/vnnlib/pensieve_parallel_81.vnnlib,.010308854,unsat,21.987868748
nn4sys,vnncomp2025_benchmarks/benchmarks/nn4sys/onnx/pensieve_big_parallel.onnx,vnncomp2025_benchmarks/benchmarks/nn4sys/vnnlib/pensieve_parallel_82.vnnlib,.010059611,unsat,22.049437390
nn4sys,vnncomp2025_benchmarks/benchmarks/nn4sys/onnx/pensieve_big_parallel.onnx,vnncomp2025_benchmarks/benchmarks/nn4sys/vnnlib/pensieve_parallel_83.vnnlib,.010115765,unsat,21.939542689
nn4sys,vnncomp2025_benchmarks/benchmarks/nn4sys/onnx/pensieve_big_parallel.onnx,vnncomp2025_benchmarks/benchmarks/nn4sys/vnnlib/pensieve_parallel_84.vnnlib,.009984647,unsat,22.069028457
nn4sys,vnncomp2025_benchmarks/benchmarks/nn4sys/onnx/pensieve_big_parallel.onnx,vnncomp2025_benchmarks/benchmarks/nn4sys/vnnlib/pensieve_parallel_85.vnnlib,.010265863,unsat,21.940500192
nn4sys,vnncomp2025_benchmarks/benchmarks/nn4sys/onnx/pensieve_big_parallel.onnx,vnncomp2025_benchmarks/benchmarks/nn4sys/vnnlib/pensieve_parallel_86.vnnlib,.010047104,unsat,21.939520161
nn4sys,vnncomp2025_benchmarks/benchmarks/nn4sys/onnx/pensieve_big_parallel.onnx,vnncomp2025_benchmarks/benchmarks/nn4sys/vnnlib/pensieve_parallel_87.vnnlib,.010279403,unsat,21.967129218
nn4sys,vnncomp2025_benchmarks/benchmarks/nn4sys/onnx/pensieve_big_parallel.onnx,vnncomp2025_benchmarks/benchmarks/nn4sys/vnnlib/pensieve_parallel_88.vnnlib,.009852348,unsat,22.185016964
nn4sys,vnncomp2025_benchmarks/benchmarks/nn4sys/onnx/pensieve_big_parallel.onnx,vnncomp2025_benchmarks/benchmarks/nn4sys/vnnlib/pensieve_parallel_89.vnnlib,.010891733,unsat,22.172419032
nn4sys,vnncomp2025_benchmarks/benchmarks/nn4sys/onnx/pensieve_big_parallel.onnx,vnncomp2025_benchmarks/benchmarks/nn4sys/vnnlib/pensieve_parallel_90.vnnlib,.010102106,unsat,22.002540863
nn4sys,vnncomp2025_benchmarks/benchmarks/nn4sys/onnx/pensieve_big_parallel.onnx,vnncomp2025_benchmarks/benchmarks/nn4sys/vnnlib/pensieve_parallel_91.vnnlib,.009962459,unsat,22.054646950
nn4sys,vnncomp2025_benchmarks/benchmarks/nn4sys/onnx/pensieve_big_parallel.onnx,vnncomp2025_benchmarks/benchmarks/nn4sys/vnnlib/pensieve_parallel_92.vnnlib,.010089271,unsat,22.078454613
nn4sys,vnncomp2025_benchmarks/benchmarks/nn4sys/onnx/pensieve_big_parallel.onnx,vnncomp2025_benchmarks/benchmarks/nn4sys/vnnlib/pensieve_parallel_93.vnnlib,.009990752,unsat,22.224208529
nn4sys,vnncomp2025_benchmarks/benchmarks/nn4sys/onnx/pensieve_big_parallel.onnx,vnncomp2025_benchmarks/benchmarks/nn4sys/vnnlib/pensieve_parallel_94.vnnlib,.009993135,unsat,22.057258937
nn4sys,vnncomp2025_benchmarks/benchmarks/nn4sys/onnx/pensieve_big_parallel.onnx,vnncomp2025_benchmarks/benchmarks/nn4sys/vnnlib/pensieve_parallel_95.vnnlib,.010180109,unsat,22.090644223
nn4sys,vnncomp2025_benchmarks/benchmarks/nn4sys/onnx/pensieve_big_parallel.onnx,vnncomp2025_benchmarks/benchmarks/nn4sys/vnnlib/pensieve_parallel_96.vnnlib,.009983880,unsat,21.950701641
nn4sys,vnncomp2025_benchmarks/benchmarks/nn4sys/onnx/pensieve_big_parallel.onnx,vnncomp2025_benchmarks/benchmarks/nn4sys/vnnlib/pensieve_parallel_97.vnnlib,.010001938,unsat,22.072615562
nn4sys,vnncomp2025_benchmarks/benchmarks/nn4sys/onnx/pensieve_big_parallel.onnx,vnncomp2025_benchmarks/benchmarks/nn4sys/vnnlib/pensieve_parallel_98.vnnlib,.009935090,unsat,22.076955751
nn4sys,vnncomp2025_benchmarks/benchmarks/nn4sys/onnx/pensieve_big_parallel.onnx,vnncomp2025_benchmarks/benchmarks/nn4sys/vnnlib/pensieve_parallel_99.vnnlib,.010029132,unsat,22.140477872
nn4sys,vnncomp2025_benchmarks/benchmarks/nn4sys/onnx/pensieve_big_parallel.onnx,vnncomp2025_benchmarks/benchmarks/nn4sys/vnnlib/pensieve_parallel_100.vnnlib,.010011099,unsat,22.026706453
nn4sys,vnncomp2025_benchmarks/benchmarks/nn4sys/onnx/pensieve_big_parallel.onnx,vnncomp2025_benchmarks/benchmarks/nn4sys/vnnlib/pensieve_parallel_101.vnnlib,.009938633,unsat,21.986286360
nn4sys,vnncomp2025_benchmarks/benchmarks/nn4sys/onnx/pensieve_big_parallel.onnx,vnncomp2025_benchmarks/benchmarks/nn4sys/vnnlib/pensieve_parallel_102.vnnlib,.009851195,unsat,22.033066501
nn4sys,vnncomp2025_benchmarks/benchmarks/nn4sys/onnx/pensieve_big_parallel.onnx,vnncomp2025_benchmarks/benchmarks/nn4sys/vnnlib/pensieve_parallel_103.vnnlib,.010249627,unsat,22.141279259
nn4sys,vnncomp2025_benchmarks/benchmarks/nn4sys/onnx/pensieve_big_parallel.onnx,vnncomp2025_benchmarks/benchmarks/nn4sys/vnnlib/pensieve_parallel_104.vnnlib,.010221190,unsat,22.080790333
nn4sys,vnncomp2025_benchmarks/benchmarks/nn4sys/onnx/lindex.onnx,vnncomp2025_benchmarks/benchmarks/nn4sys/vnnlib/lindex_1.vnnlib,.009886774,unsat,2.809590541
nn4sys,vnncomp2025_benchmarks/benchmarks/nn4sys/onnx/lindex_deep.onnx,vnncomp2025_benchmarks/benchmarks/nn4sys/vnnlib/lindex_1.vnnlib,.010364964,unsat,2.834276880
nn4sys,vnncomp2025_benchmarks/benchmarks/nn4sys/onnx/lindex.onnx,vnncomp2025_benchmarks/benchmarks/nn4sys/vnnlib/lindex_200.vnnlib,.009976209,timeout,30.042738230
nn4sys,vnncomp2025_benchmarks/benchmarks/nn4sys/onnx/lindex_deep.onnx,vnncomp2025_benchmarks/benchmarks/nn4sys/vnnlib/lindex_200.vnnlib,.010532564,timeout,30.043560372
nn4sys,vnncomp2025_benchmarks/benchmarks/nn4sys/onnx/lindex.onnx,vnncomp2025_benchmarks/benchmarks/nn4sys/vnnlib/lindex_400.vnnlib,.010248838,timeout,30.052458707
nn4sys,vnncomp2025_benchmarks/benchmarks/nn4sys/onnx/lindex_deep.onnx,vnncomp2025_benchmarks/benchmarks/nn4sys/vnnlib/lindex_400.vnnlib,.010281957,timeout,30.050541987
nn4sys,vnncomp2025_benchmarks/benchmarks/nn4sys/onnx/lindex.onnx,vnncomp2025_benchmarks/benchmarks/nn4sys/vnnlib/lindex_600.vnnlib,.010059962,timeout,30.040882772
nn4sys,vnncomp2025_benchmarks/benchmarks/nn4sys/onnx/lindex_deep.onnx,vnncomp2025_benchmarks/benchmarks/nn4sys/vnnlib/lindex_600.vnnlib,.010205970,timeout,30.040449015
nn4sys,vnncomp2025_benchmarks/benchmarks/nn4sys/onnx/lindex.onnx,vnncomp2025_benchmarks/benchmarks/nn4sys/vnnlib/lindex_800.vnnlib,.009853271,timeout,30.048021414
nn4sys,vnncomp2025_benchmarks/benchmarks/nn4sys/onnx/lindex_deep.onnx,vnncomp2025_benchmarks/benchmarks/nn4sys/vnnlib/lindex_800.vnnlib,.010417405,timeout,30.049830699
nn4sys,vnncomp2025_benchmarks/benchmarks/nn4sys/onnx/lindex.onnx,vnncomp2025_benchmarks/benchmarks/nn4sys/vnnlib/lindex_1000.vnnlib,.010229550,timeout,30.040654366
nn4sys,vnncomp2025_benchmarks/benchmarks/nn4sys/onnx/lindex_deep.onnx,vnncomp2025_benchmarks/benchmarks/nn4sys/vnnlib/lindex_1000.vnnlib,.010465143,timeout,30.040177535
nn4sys,vnncomp2025_benchmarks/benchmarks/nn4sys/onnx/lindex.onnx,vnncomp2025_benchmarks/benchmarks/nn4sys/vnnlib/lindex_3000.vnnlib,.010219211,timeout,30.041380385
nn4sys,vnncomp2025_benchmarks/benchmarks/nn4sys/onnx/lindex_deep.onnx,vnncomp2025_benchmarks/benchmarks/nn4sys/vnnlib/lindex_3000.vnnlib,.010055335,timeout,30.042509351
nn4sys,vnncomp2025_benchmarks/benchmarks/nn4sys/onnx/lindex.onnx,vnncomp2025_benchmarks/benchmarks/nn4sys/vnnlib/lindex_5000.vnnlib,.010197924,timeout,30.042912578
nn4sys,vnncomp2025_benchmarks/benchmarks/nn4sys/onnx/lindex_deep.onnx,vnncomp2025_benchmarks/benchmarks/nn4sys/vnnlib/lindex_5000.vnnlib,.010050155,timeout,30.043017589
nn4sys,vnncomp2025_benchmarks/benchmarks/nn4sys/onnx/lindex.onnx,vnncomp2025_benchmarks/benchmarks/nn4sys/vnnlib/lindex_7000.vnnlib,.010230542,timeout,30.046193392
nn4sys,vnncomp2025_benchmarks/benchmarks/nn4sys/onnx/lindex_deep.onnx,vnncomp2025_benchmarks/benchmarks/nn4sys/vnnlib/lindex_7000.vnnlib,.010447369,timeout,30.045337473
nn4sys,vnncomp2025_benchmarks/benchmarks/nn4sys/onnx/lindex.onnx,vnncomp2025_benchmarks/benchmarks/nn4sys/vnnlib/lindex_9000.vnnlib,.010421321,timeout,30.051613675
nn4sys,vnncomp2025_benchmarks/benchmarks/nn4sys/onnx/lindex_deep.onnx,vnncomp2025_benchmarks/benchmarks/nn4sys/vnnlib/lindex_9000.vnnlib,.010161681,timeout,30.045892546
nn4sys,vnncomp2025_benchmarks/benchmarks/nn4sys/onnx/lindex.onnx,vnncomp2025_benchmarks/benchmarks/nn4sys/vnnlib/lindex_10000.vnnlib,.010023649,timeout,30.053277348
nn4sys,vnncomp2025_benchmarks/benchmarks/nn4sys/onnx/lindex_deep.onnx,vnncomp2025_benchmarks/benchmarks/nn4sys/vnnlib/lindex_10000.vnnlib,.010444299,timeout,30.052026274
nn4sys,vnncomp2025_benchmarks/benchmarks/nn4sys/onnx/lindex.onnx,vnncomp2025_benchmarks/benchmarks/nn4sys/vnnlib/lindex_60000.vnnlib,.010160712,timeout,40.091750662
nn4sys,vnncomp2025_benchmarks/benchmarks/nn4sys/onnx/lindex_deep.onnx,vnncomp2025_benchmarks/benchmarks/nn4sys/vnnlib/lindex_60000.vnnlib,.010050525,timeout,40.075020885
nn4sys,vnncomp2025_benchmarks/benchmarks/nn4sys/onnx/mscn_128d.onnx,vnncomp2025_benchmarks/benchmarks/nn4sys/vnnlib/cardinality_0_1_128.vnnlib,.010271726,timeout,20.185660884
nn4sys,vnncomp2025_benchmarks/benchmarks/nn4sys/onnx/mscn_128d.onnx,vnncomp2025_benchmarks/benchmarks/nn4sys/vnnlib/cardinality_0_500_128.vnnlib,.009860248,no_result_in_file,2.025847219
nn4sys,vnncomp2025_benchmarks/benchmarks/nn4sys/onnx/mscn_128d.onnx,vnncomp2025_benchmarks/benchmarks/nn4sys/vnnlib/cardinality_0_750_128.vnnlib,.010157005,no_result_in_file,2.156196146
nn4sys,vnncomp2025_benchmarks/benchmarks/nn4sys/onnx/mscn_128d.onnx,vnncomp2025_benchmarks/benchmarks/nn4sys/vnnlib/cardinality_0_1000_128.vnnlib,.009942442,no_result_in_file,2.108999293
nn4sys,vnncomp2025_benchmarks/benchmarks/nn4sys/onnx/mscn_128d.onnx,vnncomp2025_benchmarks/benchmarks/nn4sys/vnnlib/cardinality_0_2120_128.vnnlib,.010036347,no_result_in_file,2.675444483
nn4sys,vnncomp2025_benchmarks/benchmarks/nn4sys/onnx/mscn_128d.onnx,vnncomp2025_benchmarks/benchmarks/nn4sys/vnnlib/cardinality_0_2680_128.vnnlib,.009944518,no_result_in_file,2.671808536
nn4sys,vnncomp2025_benchmarks/benchmarks/nn4sys/onnx/mscn_128d.onnx,vnncomp2025_benchmarks/benchmarks/nn4sys/vnnlib/cardinality_0_3240_128.vnnlib,.010174107,no_result_in_file,2.705869504
nn4sys,vnncomp2025_benchmarks/benchmarks/nn4sys/onnx/mscn_128d.onnx,vnncomp2025_benchmarks/benchmarks/nn4sys/vnnlib/cardinality_0_3800_128.vnnlib,.009851201,no_result_in_file,3.009092932
nn4sys,vnncomp2025_benchmarks/benchmarks/nn4sys/onnx/mscn_128d_dual.onnx,vnncomp2025_benchmarks/benchmarks/nn4sys/vnnlib/cardinality_1_1_128_dual.vnnlib,.010081927,no_result_in_file,1.737571553
nn4sys,vnncomp2025_benchmarks/benchmarks/nn4sys/onnx/mscn_128d_dual.onnx,vnncomp2025_benchmarks/benchmarks/nn4sys/vnnlib/cardinality_1_240_128_dual.vnnlib,.010223898,no_result_in_file,1.783783045
nn4sys,vnncomp2025_benchmarks/benchmarks/nn4sys/onnx/mscn_128d_dual.onnx,vnncomp2025_benchmarks/benchmarks/nn4sys/vnnlib/cardinality_1_360_128_dual.vnnlib,.010252700,no_result_in_file,1.822787120
nn4sys,vnncomp2025_benchmarks/benchmarks/nn4sys/onnx/mscn_128d_dual.onnx,vnncomp2025_benchmarks/benchmarks/nn4sys/vnnlib/cardinality_1_480_128_dual.vnnlib,.009948078,no_result_in_file,1.865374707
nn4sys,vnncomp2025_benchmarks/benchmarks/nn4sys/onnx/mscn_128d_dual.onnx,vnncomp2025_benchmarks/benchmarks/nn4sys/vnnlib/cardinality_1_600_128_dual.vnnlib,.010285235,no_result_in_file,1.888181696
nn4sys,vnncomp2025_benchmarks/benchmarks/nn4sys/onnx/mscn_128d_dual.onnx,vnncomp2025_benchmarks/benchmarks/nn4sys/vnnlib/cardinality_1_720_128_dual.vnnlib,.010103223,no_result_in_file,1.927092501
nn4sys,vnncomp2025_benchmarks/benchmarks/nn4sys/onnx/mscn_128d_dual.onnx,vnncomp2025_benchmarks/benchmarks/nn4sys/vnnlib/cardinality_1_840_128_dual.vnnlib,.010057699,no_result_in_file,1.929766073
nn4sys,vnncomp2025_benchmarks/benchmarks/nn4sys/onnx/mscn_128d_dual.onnx,vnncomp2025_benchmarks/benchmarks/nn4sys/vnnlib/cardinality_1_960_128_dual.vnnlib,.010312367,no_result_in_file,1.950626158
nn4sys,vnncomp2025_benchmarks/benchmarks/nn4sys/onnx/mscn_128d_dual.onnx,vnncomp2025_benchmarks/benchmarks/nn4sys/vnnlib/cardinality_1_2260_128_dual.vnnlib,.009968852,no_result_in_file,2.299642710
nn4sys,vnncomp2025_benchmarks/benchmarks/nn4sys/onnx/mscn_128d_dual.onnx,vnncomp2025_benchmarks/benchmarks/nn4sys/vnnlib/cardinality_1_2890_128_dual.vnnlib,.009918835,no_result_in_file,2.445544817
nn4sys,vnncomp2025_benchmarks/benchmarks/nn4sys/onnx/mscn_128d_dual.onnx,vnncomp2025_benchmarks/benchmarks/nn4sys/vnnlib/cardinality_1_3520_128_dual.vnnlib,.010325508,no_result_in_file,2.621138407
nn4sys,vnncomp2025_benchmarks/benchmarks/nn4sys/onnx/mscn_128d_dual.onnx,vnncomp2025_benchmarks/benchmarks/nn4sys/vnnlib/cardinality_1_4150_128_dual.vnnlib,.010006657,no_result_in_file,2.771861896
nn4sys,vnncomp2025_benchmarks/benchmarks/nn4sys/onnx/mscn_128d_dual.onnx,vnncomp2025_benchmarks/benchmarks/nn4sys/vnnlib/cardinality_1_4780_128_dual.vnnlib,.009978039,no_result_in_file,2.946305079
nn4sys,vnncomp2025_benchmarks/benchmarks/nn4sys/onnx/mscn_128d_dual.onnx,vnncomp2025_benchmarks/benchmarks/nn4sys/vnnlib/cardinality_1_5410_128_dual.vnnlib,.009967613,no_result_in_file,3.065075745
nn4sys,vnncomp2025_benchmarks/benchmarks/nn4sys/onnx/mscn_128d_dual.onnx,vnncomp2025_benchmarks/benchmarks/nn4sys/vnnlib/cardinality_1_6040_128_dual.vnnlib,.009819752,no_result_in_file,3.209204497
nn4sys,vnncomp2025_benchmarks/benchmarks/nn4sys/onnx/mscn_128d_dual.onnx,vnncomp2025_benchmarks/benchmarks/nn4sys/vnnlib/cardinality_1_6670_128_dual.vnnlib,.009811006,no_result_in_file,3.402909869
nn4sys,vnncomp2025_benchmarks/benchmarks/nn4sys/onnx/mscn_128d_dual.onnx,vnncomp2025_benchmarks/benchmarks/nn4sys/vnnlib/cardinality_1_7300_128_dual.vnnlib,.010336342,no_result_in_file,3.654156355
nn4sys,vnncomp2025_benchmarks/benchmarks/nn4sys/onnx/mscn_128d_dual.onnx,vnncomp2025_benchmarks/benchmarks/nn4sys/vnnlib/cardinality_1_7930_128_dual.vnnlib,.010254253,no_result_in_file,3.735791255
nn4sys,vnncomp2025_benchmarks/benchmarks/nn4sys/onnx/mscn_128d_dual.onnx,vnncomp2025_benchmarks/benchmarks/nn4sys/vnnlib/cardinality_1_8560_128_dual.vnnlib,.010280473,no_result_in_file,3.880177636
nn4sys,vnncomp2025_benchmarks/benchmarks/nn4sys/onnx/mscn_128d_dual.onnx,vnncomp2025_benchmarks/benchmarks/nn4sys/vnnlib/cardinality_1_9190_128_dual.vnnlib,.010263262,no_result_in_file,4.018531585
nn4sys,vnncomp2025_benchmarks/benchmarks/nn4sys/onnx/mscn_128d_dual.onnx,vnncomp2025_benchmarks/benchmarks/nn4sys/vnnlib/cardinality_1_9820_128_dual.vnnlib,.010278782,no_result_in_file,4.260075113
nn4sys,vnncomp2025_benchmarks/benchmarks/nn4sys/onnx/mscn_128d_dual.onnx,vnncomp2025_benchmarks/benchmarks/nn4sys/vnnlib/cardinality_1_10450_128_dual.vnnlib,.010168529,no_result_in_file,4.335417625
nn4sys,vnncomp2025_benchmarks/benchmarks/nn4sys/onnx/mscn_128d_dual.onnx,vnncomp2025_benchmarks/benchmarks/nn4sys/vnnlib/cardinality_1_11080_128_dual.vnnlib,.010438895,no_result_in_file,4.440489572
nn4sys,vnncomp2025_benchmarks/benchmarks/nn4sys/onnx/mscn_2048d.onnx,vnncomp2025_benchmarks/benchmarks/nn4sys/vnnlib/cardinality_0_1_2048.vnnlib,.009975288,timeout,20.197802104
nn4sys,vnncomp2025_benchmarks/benchmarks/nn4sys/onnx/mscn_2048d.onnx,vnncomp2025_benchmarks/benchmarks/nn4sys/vnnlib/cardinality_0_500_2048.vnnlib,.010131905,timeout,20.199207955
nn4sys,vnncomp2025_benchmarks/benchmarks/nn4sys/onnx/mscn_2048d.onnx,vnncomp2025_benchmarks/benchmarks/nn4sys/vnnlib/cardinality_0_750_2048.vnnlib,.010093016,no_result_in_file,1.927632990
nn4sys,vnncomp2025_benchmarks/benchmarks/nn4sys/onnx/mscn_2048d.onnx,vnncomp2025_benchmarks/benchmarks/nn4sys/vnnlib/cardinality_0_1000_2048.vnnlib,.009934581,timeout,40.197630590
nn4sys,vnncomp2025_benchmarks/benchmarks/nn4sys/onnx/mscn_2048d.onnx,vnncomp2025_benchmarks/benchmarks/nn4sys/vnnlib/cardinality_0_2120_2048.vnnlib,.010584455,no_result_in_file,2.506376326
nn4sys,vnncomp2025_benchmarks/benchmarks/nn4sys/onnx/mscn_2048d.onnx,vnncomp2025_benchmarks/benchmarks/nn4sys/vnnlib/cardinality_0_2680_2048.vnnlib,.010389060,no_result_in_file,2.483697890
nn4sys,vnncomp2025_benchmarks/benchmarks/nn4sys/onnx/mscn_2048d.onnx,vnncomp2025_benchmarks/benchmarks/nn4sys/vnnlib/cardinality_0_3240_2048.vnnlib,.009909863,no_result_in_file,2.922153842
nn4sys,vnncomp2025_benchmarks/benchmarks/nn4sys/onnx/mscn_2048d.onnx,vnncomp2025_benchmarks/benchmarks/nn4sys/vnnlib/cardinality_0_3800_2048.vnnlib,.009963194,no_result_in_file,2.922428557
nn4sys,vnncomp2025_benchmarks/benchmarks/nn4sys/onnx/mscn_2048d.onnx,vnncomp2025_benchmarks/benchmarks/nn4sys/vnnlib/cardinality_0_4360_2048.vnnlib,.010406527,no_result_in_file,2.902118520
nn4sys,vnncomp2025_benchmarks/benchmarks/nn4sys/onnx/mscn_2048d.onnx,vnncomp2025_benchmarks/benchmarks/nn4sys/vnnlib/cardinality_0_4920_2048.vnnlib,.009927828,no_result_in_file,3.039567885
nn4sys,vnncomp2025_benchmarks/benchmarks/nn4sys/onnx/mscn_2048d.onnx,vnncomp2025_benchmarks/benchmarks/nn4sys/vnnlib/cardinality_0_5480_2048.vnnlib,.010392055,no_result_in_file,3.183567417
nn4sys,vnncomp2025_benchmarks/benchmarks/nn4sys/onnx/mscn_2048d_dual.onnx,vnncomp2025_benchmarks/benchmarks/nn4sys/vnnlib/cardinality_1_1_2048_dual.vnnlib,.010356602,no_result_in_file,1.720476297
nn4sys,vnncomp2025_benchmarks/benchmarks/nn4sys/onnx/mscn_2048d_dual.onnx,vnncomp2025_benchmarks/benchmarks/nn4sys/vnnlib/cardinality_1_240_2048_dual.vnnlib,.009949937,no_result_in_file,1.794783013
nn4sys,vnncomp2025_benchmarks/benchmarks/nn4sys/onnx/mscn_2048d_dual.onnx,vnncomp2025_benchmarks/benchmarks/nn4sys/vnnlib/cardinality_1_360_2048_dual.vnnlib,.010041428,no_result_in_file,1.844405844
nn4sys,vnncomp2025_benchmarks/benchmarks/nn4sys/onnx/mscn_2048d_dual.onnx,vnncomp2025_benchmarks/benchmarks/nn4sys/vnnlib/cardinality_1_480_2048_dual.vnnlib,.009797174,no_result_in_file,1.858827756
nn4sys,vnncomp2025_benchmarks/benchmarks/nn4sys/onnx/mscn_2048d_dual.onnx,vnncomp2025_benchmarks/benchmarks/nn4sys/vnnlib/cardinality_1_600_2048_dual.vnnlib,.010043577,no_result_in_file,1.887210714
nn4sys,vnncomp2025_benchmarks/benchmarks/nn4sys/onnx/mscn_2048d_dual.onnx,vnncomp2025_benchmarks/benchmarks/nn4sys/vnnlib/cardinality_1_720_2048_dual.vnnlib,.010142220,no_result_in_file,1.908136638
nn4sys,vnncomp2025_benchmarks/benchmarks/nn4sys/onnx/mscn_2048d_dual.onnx,vnncomp2025_benchmarks/benchmarks/nn4sys/vnnlib/cardinality_1_840_2048_dual.vnnlib,.010059798,no_result_in_file,1.955659536
nn4sys,vnncomp2025_benchmarks/benchmarks/nn4sys/onnx/mscn_2048d_dual.onnx,vnncomp2025_benchmarks/benchmarks/nn4sys/vnnlib/cardinality_1_960_2048_dual.vnnlib,.010028426,no_result_in_file,1.958779581
nn4sys,vnncomp2025_benchmarks/benchmarks/nn4sys/onnx/mscn_2048d_dual.onnx,vnncomp2025_benchmarks/benchmarks/nn4sys/vnnlib/cardinality_1_2260_2048_dual.vnnlib,.009940379,no_result_in_file,2.351617587
nn4sys,vnncomp2025_benchmarks/benchmarks/nn4sys/onnx/mscn_2048d_dual.onnx,vnncomp2025_benchmarks/benchmarks/nn4sys/vnnlib/cardinality_1_2890_2048_dual.vnnlib,.010107731,no_result_in_file,2.457921313
nn4sys,vnncomp2025_benchmarks/benchmarks/nn4sys/onnx/mscn_2048d_dual.onnx,vnncomp2025_benchmarks/benchmarks/nn4sys/vnnlib/cardinality_1_3520_2048_dual.vnnlib,.010033641,no_result_in_file,2.646649425
nn4sys,vnncomp2025_benchmarks/benchmarks/nn4sys/onnx/mscn_2048d_dual.onnx,vnncomp2025_benchmarks/benchmarks/nn4sys/vnnlib/cardinality_1_4150_2048_dual.vnnlib,.009916760,no_result_in_file,2.776620241
nn4sys,vnncomp2025_benchmarks/benchmarks/nn4sys/onnx/mscn_2048d_dual.onnx,vnncomp2025_benchmarks/benchmarks/nn4sys/vnnlib/cardinality_1_4780_2048_dual.vnnlib,.009915412,no_result_in_file,2.952482977
nn4sys,vnncomp2025_benchmarks/benchmarks/nn4sys/onnx/mscn_2048d_dual.onnx,vnncomp2025_benchmarks/benchmarks/nn4sys/vnnlib/cardinality_1_5410_2048_dual.vnnlib,.010270330,no_result_in_file,3.129903979
nn4sys,vnncomp2025_benchmarks/benchmarks/nn4sys/onnx/mscn_2048d_dual.onnx,vnncomp2025_benchmarks/benchmarks/nn4sys/vnnlib/cardinality_1_6040_2048_dual.vnnlib,.009854805,no_result_in_file,3.220200531
nn4sys,vnncomp2025_benchmarks/benchmarks/nn4sys/onnx/mscn_2048d_dual.onnx,vnncomp2025_benchmarks/benchmarks/nn4sys/vnnlib/cardinality_1_6670_2048_dual.vnnlib,.009850352,no_result_in_file,3.426368108
nn4sys,vnncomp2025_benchmarks/benchmarks/nn4sys/onnx/mscn_2048d_dual.onnx,vnncomp2025_benchmarks/benchmarks/nn4sys/vnnlib/cardinality_1_7300_2048_dual.vnnlib,.010063714,no_result_in_file,3.549287757
nn4sys,vnncomp2025_benchmarks/benchmarks/nn4sys/onnx/mscn_2048d_dual.onnx,vnncomp2025_benchmarks/benchmarks/nn4sys/vnnlib/cardinality_1_7930_2048_dual.vnnlib,.010031446,no_result_in_file,3.700257217
nn4sys,vnncomp2025_benchmarks/benchmarks/nn4sys/onnx/mscn_2048d_dual.onnx,vnncomp2025_benchmarks/benchmarks/nn4sys/vnnlib/cardinality_1_8560_2048_dual.vnnlib,.010356711,no_result_in_file,3.838708730
nn4sys,vnncomp2025_benchmarks/benchmarks/nn4sys/onnx/mscn_2048d_dual.onnx,vnncomp2025_benchmarks/benchmarks/nn4sys/vnnlib/cardinality_1_9190_2048_dual.vnnlib,.010217829,no_result_in_file,4.043073145
nn4sys,vnncomp2025_benchmarks/benchmarks/nn4sys/onnx/mscn_2048d_dual.onnx,vnncomp2025_benchmarks/benchmarks/nn4sys/vnnlib/cardinality_1_9820_2048_dual.vnnlib,.010284444,no_result_in_file,4.145266876
nn4sys,vnncomp2025_benchmarks/benchmarks/nn4sys/onnx/mscn_2048d_dual.onnx,vnncomp2025_benchmarks/benchmarks/nn4sys/vnnlib/cardinality_1_10450_2048_dual.vnnlib,.010617016,no_result_in_file,4.375443292
nn4sys,vnncomp2025_benchmarks/benchmarks/nn4sys/onnx/mscn_2048d_dual.onnx,vnncomp2025_benchmarks/benchmarks/nn4sys/vnnlib/cardinality_1_11080_2048_dual.vnnlib,.009960812,no_result_in_file,4.435930941
nn4sys,vnncomp2025_benchmarks/benchmarks/test/onnx/test_nano.onnx,vnncomp2025_benchmarks/benchmarks/test/vnnlib/test_nano.vnnlib,.010152221,no_result_in_file,2.711254133
