cora_2024,vnncomp2025_benchmarks/benchmarks/cora_2024/./onnx/mnist-point.onnx,vnncomp2025_benchmarks/benchmarks/cora_2024/vnnlib/mnist-img0.vnnlib,.024502505,timeout,36.916595472
cora_2024,vnncomp2025_benchmarks/benchmarks/cora_2024/./onnx/mnist-trades.onnx,vnncomp2025_benchmarks/benchmarks/cora_2024/vnnlib/mnist-img0.vnnlib,.025026827,timeout,36.953485850
cora_2024,vnncomp2025_benchmarks/benchmarks/cora_2024/./onnx/mnist-set.onnx,vnncomp2025_benchmarks/benchmarks/cora_2024/vnnlib/mnist-img0.vnnlib,.028022586,unsat,23.355203091
cora_2024,vnncomp2025_benchmarks/benchmarks/cora_2024/./onnx/mnist-point.onnx,vnncomp2025_benchmarks/benchmarks/cora_2024/vnnlib/mnist-img1.vnnlib,.025845816,sat,16.799787479
cora_2024,vnncomp2025_benchmarks/benchmarks/cora_2024/./onnx/mnist-trades.onnx,vnncomp2025_benchmarks/benchmarks/cora_2024/vnnlib/mnist-img1.vnnlib,.025131738,timeout,36.993637238
cora_2024,vnncomp2025_benchmarks/benchmarks/cora_2024/./onnx/mnist-set.onnx,vnncomp2025_benchmarks/benchmarks/cora_2024/vnnlib/mnist-img1.vnnlib,.025973298,unsat,22.412945774
cora_2024,vnncomp2025_benchmarks/benchmarks/cora_2024/./onnx/mnist-point.onnx,vnncomp2025_benchmarks/benchmarks/cora_2024/vnnlib/mnist-img2.vnnlib,.025344984,timeout,36.980181148
cora_2024,vnncomp2025_benchmarks/benchmarks/cora_2024/./onnx/mnist-trades.onnx,vnncomp2025_benchmarks/benchmarks/cora_2024/vnnlib/mnist-img2.vnnlib,.025625590,timeout,37.092161028
cora_2024,vnncomp2025_benchmarks/benchmarks/cora_2024/./onnx/mnist-set.onnx,vnncomp2025_benchmarks/benchmarks/cora_2024/vnnlib/mnist-img2.vnnlib,.026308485,unsat,18.380175783
cora_2024,vnncomp2025_benchmarks/benchmarks/cora_2024/./onnx/mnist-point.onnx,vnncomp2025_benchmarks/benchmarks/cora_2024/vnnlib/mnist-img3.vnnlib,.025101809,timeout,36.901367670
cora_2024,vnncomp2025_benchmarks/benchmarks/cora_2024/./onnx/mnist-trades.onnx,vnncomp2025_benchmarks/benchmarks/cora_2024/vnnlib/mnist-img3.vnnlib,.025887266,timeout,37.009945303
cora_2024,vnncomp2025_benchmarks/benchmarks/cora_2024/./onnx/mnist-set.onnx,vnncomp2025_benchmarks/benchmarks/cora_2024/vnnlib/mnist-img3.vnnlib,.025499807,unsat,18.364485392
cora_2024,vnncomp2025_benchmarks/benchmarks/cora_2024/./onnx/mnist-point.onnx,vnncomp2025_benchmarks/benchmarks/cora_2024/vnnlib/mnist-img4.vnnlib,.025319843,timeout,36.943165256
cora_2024,vnncomp2025_benchmarks/benchmarks/cora_2024/./onnx/mnist-trades.onnx,vnncomp2025_benchmarks/benchmarks/cora_2024/vnnlib/mnist-img4.vnnlib,.026220712,timeout,36.959094161
cora_2024,vnncomp2025_benchmarks/benchmarks/cora_2024/./onnx/mnist-set.onnx,vnncomp2025_benchmarks/benchmarks/cora_2024/vnnlib/mnist-img4.vnnlib,.025731411,unsat,20.395995023
cora_2024,vnncomp2025_benchmarks/benchmarks/cora_2024/./onnx/mnist-point.onnx,vnncomp2025_benchmarks/benchmarks/cora_2024/vnnlib/mnist-img5.vnnlib,.026116071,timeout,36.909814091
cora_2024,vnncomp2025_benchmarks/benchmarks/cora_2024/./onnx/mnist-trades.onnx,vnncomp2025_benchmarks/benchmarks/cora_2024/vnnlib/mnist-img5.vnnlib,.026204534,timeout,36.999989451
cora_2024,vnncomp2025_benchmarks/benchmarks/cora_2024/./onnx/mnist-set.onnx,vnncomp2025_benchmarks/benchmarks/cora_2024/vnnlib/mnist-img5.vnnlib,.025453128,unsat,18.279318549
cora_2024,vnncomp2025_benchmarks/benchmarks/cora_2024/./onnx/mnist-point.onnx,vnncomp2025_benchmarks/benchmarks/cora_2024/vnnlib/mnist-img6.vnnlib,.026032370,timeout,36.978322053
cora_2024,vnncomp2025_benchmarks/benchmarks/cora_2024/./onnx/mnist-trades.onnx,vnncomp2025_benchmarks/benchmarks/cora_2024/vnnlib/mnist-img6.vnnlib,.024749621,timeout,36.953598450
cora_2024,vnncomp2025_benchmarks/benchmarks/cora_2024/./onnx/mnist-set.onnx,vnncomp2025_benchmarks/benchmarks/cora_2024/vnnlib/mnist-img6.vnnlib,.025733384,unsat,18.669222361
cora_2024,vnncomp2025_benchmarks/benchmarks/cora_2024/./onnx/mnist-point.onnx,vnncomp2025_benchmarks/benchmarks/cora_2024/vnnlib/mnist-img7.vnnlib,.025799236,timeout,36.904458988
cora_2024,vnncomp2025_benchmarks/benchmarks/cora_2024/./onnx/mnist-trades.onnx,vnncomp2025_benchmarks/benchmarks/cora_2024/vnnlib/mnist-img7.vnnlib,.025710665,timeout,37.069094433
cora_2024,vnncomp2025_benchmarks/benchmarks/cora_2024/./onnx/mnist-set.onnx,vnncomp2025_benchmarks/benchmarks/cora_2024/vnnlib/mnist-img7.vnnlib,.025966102,unsat,18.573712707
cora_2024,vnncomp2025_benchmarks/benchmarks/cora_2024/./onnx/mnist-point.onnx,vnncomp2025_benchmarks/benchmarks/cora_2024/vnnlib/mnist-img8.vnnlib,.024807674,timeout,36.997875388
cora_2024,vnncomp2025_benchmarks/benchmarks/cora_2024/./onnx/mnist-trades.onnx,vnncomp2025_benchmarks/benchmarks/cora_2024/vnnlib/mnist-img8.vnnlib,.024993866,timeout,37.061632841
cora_2024,vnncomp2025_benchmarks/benchmarks/cora_2024/./onnx/mnist-set.onnx,vnncomp2025_benchmarks/benchmarks/cora_2024/vnnlib/mnist-img8.vnnlib,.025640196,unsat,19.176765322
cora_2024,vnncomp2025_benchmarks/benchmarks/cora_2024/./onnx/mnist-point.onnx,vnncomp2025_benchmarks/benchmarks/cora_2024/vnnlib/mnist-img9.vnnlib,.025757252,timeout,36.965816342
cora_2024,vnncomp2025_benchmarks/benchmarks/cora_2024/./onnx/mnist-trades.onnx,vnncomp2025_benchmarks/benchmarks/cora_2024/vnnlib/mnist-img9.vnnlib,.025976470,timeout,36.937312096
cora_2024,vnncomp2025_benchmarks/benchmarks/cora_2024/./onnx/mnist-set.onnx,vnncomp2025_benchmarks/benchmarks/cora_2024/vnnlib/mnist-img9.vnnlib,.025213017,unsat,23.173615906
cora_2024,vnncomp2025_benchmarks/benchmarks/cora_2024/./onnx/mnist-point.onnx,vnncomp2025_benchmarks/benchmarks/cora_2024/vnnlib/mnist-img10.vnnlib,.025258104,timeout,36.925287869
cora_2024,vnncomp2025_benchmarks/benchmarks/cora_2024/./onnx/mnist-trades.onnx,vnncomp2025_benchmarks/benchmarks/cora_2024/vnnlib/mnist-img10.vnnlib,.025812129,timeout,36.981124206
cora_2024,vnncomp2025_benchmarks/benchmarks/cora_2024/./onnx/mnist-set.onnx,vnncomp2025_benchmarks/benchmarks/cora_2024/vnnlib/mnist-img10.vnnlib,.025328233,unsat,18.765141815
cora_2024,vnncomp2025_benchmarks/benchmarks/cora_2024/./onnx/mnist-point.onnx,vnncomp2025_benchmarks/benchmarks/cora_2024/vnnlib/mnist-img11.vnnlib,.024942587,timeout,37.059860912
cora_2024,vnncomp2025_benchmarks/benchmarks/cora_2024/./onnx/mnist-trades.onnx,vnncomp2025_benchmarks/benchmarks/cora_2024/vnnlib/mnist-img11.vnnlib,.026277223,timeout,36.910584185
cora_2024,vnncomp2025_benchmarks/benchmarks/cora_2024/./onnx/mnist-set.onnx,vnncomp2025_benchmarks/benchmarks/cora_2024/vnnlib/mnist-img11.vnnlib,.025720723,unsat,18.458466546
cora_2024,vnncomp2025_benchmarks/benchmarks/cora_2024/./onnx/mnist-point.onnx,vnncomp2025_benchmarks/benchmarks/cora_2024/vnnlib/mnist-img13.vnnlib,.026365779,timeout,37.080403159
cora_2024,vnncomp2025_benchmarks/benchmarks/cora_2024/./onnx/mnist-trades.onnx,vnncomp2025_benchmarks/benchmarks/cora_2024/vnnlib/mnist-img13.vnnlib,.025896850,timeout,36.955698763
cora_2024,vnncomp2025_benchmarks/benchmarks/cora_2024/./onnx/mnist-set.onnx,vnncomp2025_benchmarks/benchmarks/cora_2024/vnnlib/mnist-img13.vnnlib,.025542150,unsat,23.548982205
cora_2024,vnncomp2025_benchmarks/benchmarks/cora_2024/./onnx/mnist-point.onnx,vnncomp2025_benchmarks/benchmarks/cora_2024/vnnlib/mnist-img14.vnnlib,.026180035,sat,16.422507297
cora_2024,vnncomp2025_benchmarks/benchmarks/cora_2024/./onnx/mnist-trades.onnx,vnncomp2025_benchmarks/benchmarks/cora_2024/vnnlib/mnist-img14.vnnlib,.025718614,timeout,37.002460608
cora_2024,vnncomp2025_benchmarks/benchmarks/cora_2024/./onnx/mnist-set.onnx,vnncomp2025_benchmarks/benchmarks/cora_2024/vnnlib/mnist-img14.vnnlib,.024849974,unsat,19.830568503
cora_2024,vnncomp2025_benchmarks/benchmarks/cora_2024/./onnx/mnist-point.onnx,vnncomp2025_benchmarks/benchmarks/cora_2024/vnnlib/mnist-img15.vnnlib,.024997977,timeout,37.042303428
cora_2024,vnncomp2025_benchmarks/benchmarks/cora_2024/./onnx/mnist-trades.onnx,vnncomp2025_benchmarks/benchmarks/cora_2024/vnnlib/mnist-img15.vnnlib,.026024091,timeout,36.938231595
cora_2024,vnncomp2025_benchmarks/benchmarks/cora_2024/./onnx/mnist-set.onnx,vnncomp2025_benchmarks/benchmarks/cora_2024/vnnlib/mnist-img15.vnnlib,.025433437,unsat,18.278174241
cora_2024,vnncomp2025_benchmarks/benchmarks/cora_2024/./onnx/mnist-point.onnx,vnncomp2025_benchmarks/benchmarks/cora_2024/vnnlib/mnist-img16.vnnlib,.026569994,timeout,36.997307582
cora_2024,vnncomp2025_benchmarks/benchmarks/cora_2024/./onnx/mnist-trades.onnx,vnncomp2025_benchmarks/benchmarks/cora_2024/vnnlib/mnist-img16.vnnlib,.025501340,timeout,36.909557072
cora_2024,vnncomp2025_benchmarks/benchmarks/cora_2024/./onnx/mnist-set.onnx,vnncomp2025_benchmarks/benchmarks/cora_2024/vnnlib/mnist-img16.vnnlib,.026064243,timeout,37.020079068
cora_2024,vnncomp2025_benchmarks/benchmarks/cora_2024/./onnx/mnist-point.onnx,vnncomp2025_benchmarks/benchmarks/cora_2024/vnnlib/mnist-img17.vnnlib,.025878750,sat,16.456956166
cora_2024,vnncomp2025_benchmarks/benchmarks/cora_2024/./onnx/mnist-trades.onnx,vnncomp2025_benchmarks/benchmarks/cora_2024/vnnlib/mnist-img17.vnnlib,.024789766,timeout,36.900260114
cora_2024,vnncomp2025_benchmarks/benchmarks/cora_2024/./onnx/mnist-set.onnx,vnncomp2025_benchmarks/benchmarks/cora_2024/vnnlib/mnist-img17.vnnlib,.024960528,unsat,20.264853742
cora_2024,vnncomp2025_benchmarks/benchmarks/cora_2024/./onnx/mnist-point.onnx,vnncomp2025_benchmarks/benchmarks/cora_2024/vnnlib/mnist-img18.vnnlib,.026176647,timeout,36.949076320
cora_2024,vnncomp2025_benchmarks/benchmarks/cora_2024/./onnx/mnist-trades.onnx,vnncomp2025_benchmarks/benchmarks/cora_2024/vnnlib/mnist-img18.vnnlib,.024827466,timeout,36.934496788
cora_2024,vnncomp2025_benchmarks/benchmarks/cora_2024/./onnx/mnist-set.onnx,vnncomp2025_benchmarks/benchmarks/cora_2024/vnnlib/mnist-img18.vnnlib,.025844672,unsat,18.353811545
cora_2024,vnncomp2025_benchmarks/benchmarks/cora_2024/./onnx/mnist-point.onnx,vnncomp2025_benchmarks/benchmarks/cora_2024/vnnlib/mnist-img19.vnnlib,.025693385,sat,17.006007595
cora_2024,vnncomp2025_benchmarks/benchmarks/cora_2024/./onnx/mnist-trades.onnx,vnncomp2025_benchmarks/benchmarks/cora_2024/vnnlib/mnist-img19.vnnlib,.025665361,timeout,36.946979862
cora_2024,vnncomp2025_benchmarks/benchmarks/cora_2024/./onnx/mnist-set.onnx,vnncomp2025_benchmarks/benchmarks/cora_2024/vnnlib/mnist-img19.vnnlib,.025028451,unsat,20.565054957
cora_2024,vnncomp2025_benchmarks/benchmarks/cora_2024/./onnx/mnist-point.onnx,vnncomp2025_benchmarks/benchmarks/cora_2024/vnnlib/mnist-img20.vnnlib,.025893841,timeout,37.017357422
cora_2024,vnncomp2025_benchmarks/benchmarks/cora_2024/./onnx/mnist-trades.onnx,vnncomp2025_benchmarks/benchmarks/cora_2024/vnnlib/mnist-img20.vnnlib,.028950082,timeout,36.973006680
cora_2024,vnncomp2025_benchmarks/benchmarks/cora_2024/./onnx/mnist-set.onnx,vnncomp2025_benchmarks/benchmarks/cora_2024/vnnlib/mnist-img20.vnnlib,.025094673,unsat,24.905307187
cora_2024,vnncomp2025_benchmarks/benchmarks/cora_2024/./onnx/svhn-point.onnx,vnncomp2025_benchmarks/benchmarks/cora_2024/vnnlib/svhn-img14.vnnlib,.025724787,sat,17.349982683
cora_2024,vnncomp2025_benchmarks/benchmarks/cora_2024/./onnx/svhn-trades.onnx,vnncomp2025_benchmarks/benchmarks/cora_2024/vnnlib/svhn-img14.vnnlib,.026131907,timeout,37.038510782
cora_2024,vnncomp2025_benchmarks/benchmarks/cora_2024/./onnx/svhn-set.onnx,vnncomp2025_benchmarks/benchmarks/cora_2024/vnnlib/svhn-img14.vnnlib,.025299637,sat,17.860066476
cora_2024,vnncomp2025_benchmarks/benchmarks/cora_2024/./onnx/svhn-point.onnx,vnncomp2025_benchmarks/benchmarks/cora_2024/vnnlib/svhn-img130.vnnlib,.027088299,sat,17.169867445
cora_2024,vnncomp2025_benchmarks/benchmarks/cora_2024/./onnx/svhn-trades.onnx,vnncomp2025_benchmarks/benchmarks/cora_2024/vnnlib/svhn-img130.vnnlib,.024672422,timeout,37.043641823
cora_2024,vnncomp2025_benchmarks/benchmarks/cora_2024/./onnx/svhn-set.onnx,vnncomp2025_benchmarks/benchmarks/cora_2024/vnnlib/svhn-img130.vnnlib,.025961510,sat,17.469113946
cora_2024,vnncomp2025_benchmarks/benchmarks/cora_2024/./onnx/svhn-point.onnx,vnncomp2025_benchmarks/benchmarks/cora_2024/vnnlib/svhn-img137.vnnlib,.026004312,sat,17.499849832
cora_2024,vnncomp2025_benchmarks/benchmarks/cora_2024/./onnx/svhn-trades.onnx,vnncomp2025_benchmarks/benchmarks/cora_2024/vnnlib/svhn-img137.vnnlib,.025863097,sat,17.447731466
cora_2024,vnncomp2025_benchmarks/benchmarks/cora_2024/./onnx/svhn-set.onnx,vnncomp2025_benchmarks/benchmarks/cora_2024/vnnlib/svhn-img137.vnnlib,.025474041,sat,17.218742155
cora_2024,vnncomp2025_benchmarks/benchmarks/cora_2024/./onnx/svhn-point.onnx,vnncomp2025_benchmarks/benchmarks/cora_2024/vnnlib/svhn-img153.vnnlib,.025242946,sat,17.364410712
cora_2024,vnncomp2025_benchmarks/benchmarks/cora_2024/./onnx/svhn-trades.onnx,vnncomp2025_benchmarks/benchmarks/cora_2024/vnnlib/svhn-img153.vnnlib,.025404929,sat,17.416408520
cora_2024,vnncomp2025_benchmarks/benchmarks/cora_2024/./onnx/svhn-set.onnx,vnncomp2025_benchmarks/benchmarks/cora_2024/vnnlib/svhn-img153.vnnlib,.025320807,sat,17.368959690
cora_2024,vnncomp2025_benchmarks/benchmarks/cora_2024/./onnx/svhn-point.onnx,vnncomp2025_benchmarks/benchmarks/cora_2024/vnnlib/svhn-img164.vnnlib,.026693069,sat,17.564581878
cora_2024,vnncomp2025_benchmarks/benchmarks/cora_2024/./onnx/svhn-trades.onnx,vnncomp2025_benchmarks/benchmarks/cora_2024/vnnlib/svhn-img164.vnnlib,.024639562,sat,17.483415855
cora_2024,vnncomp2025_benchmarks/benchmarks/cora_2024/./onnx/svhn-set.onnx,vnncomp2025_benchmarks/benchmarks/cora_2024/vnnlib/svhn-img164.vnnlib,.025415699,sat,17.433903385
cora_2024,vnncomp2025_benchmarks/benchmarks/cora_2024/./onnx/svhn-point.onnx,vnncomp2025_benchmarks/benchmarks/cora_2024/vnnlib/svhn-img182.vnnlib,.025448657,sat,17.328762666
cora_2024,vnncomp2025_benchmarks/benchmarks/cora_2024/./onnx/svhn-trades.onnx,vnncomp2025_benchmarks/benchmarks/cora_2024/vnnlib/svhn-img182.vnnlib,.025539652,sat,17.290556096
cora_2024,vnncomp2025_benchmarks/benchmarks/cora_2024/./onnx/svhn-set.onnx,vnncomp2025_benchmarks/benchmarks/cora_2024/vnnlib/svhn-img182.vnnlib,.025252996,timeout,37.113674219
cora_2024,vnncomp2025_benchmarks/benchmarks/cora_2024/./onnx/svhn-point.onnx,vnncomp2025_benchmarks/benchmarks/cora_2024/vnnlib/svhn-img225.vnnlib,.025142213,sat,17.408427980
cora_2024,vnncomp2025_benchmarks/benchmarks/cora_2024/./onnx/svhn-trades.onnx,vnncomp2025_benchmarks/benchmarks/cora_2024/vnnlib/svhn-img225.vnnlib,.026090175,sat,17.433903501
cora_2024,vnncomp2025_benchmarks/benchmarks/cora_2024/./onnx/svhn-set.onnx,vnncomp2025_benchmarks/benchmarks/cora_2024/vnnlib/svhn-img225.vnnlib,.025576623,timeout,36.951593529
cora_2024,vnncomp2025_benchmarks/benchmarks/cora_2024/./onnx/svhn-point.onnx,vnncomp2025_benchmarks/benchmarks/cora_2024/vnnlib/svhn-img263.vnnlib,.025744767,sat,17.571069018
cora_2024,vnncomp2025_benchmarks/benchmarks/cora_2024/./onnx/svhn-trades.onnx,vnncomp2025_benchmarks/benchmarks/cora_2024/vnnlib/svhn-img263.vnnlib,.024754564,sat,17.336926475
cora_2024,vnncomp2025_benchmarks/benchmarks/cora_2024/./onnx/svhn-set.onnx,vnncomp2025_benchmarks/benchmarks/cora_2024/vnnlib/svhn-img263.vnnlib,.025967502,sat,17.293152031
cora_2024,vnncomp2025_benchmarks/benchmarks/cora_2024/./onnx/svhn-point.onnx,vnncomp2025_benchmarks/benchmarks/cora_2024/vnnlib/svhn-img279.vnnlib,.025545153,sat,17.266766572
cora_2024,vnncomp2025_benchmarks/benchmarks/cora_2024/./onnx/svhn-trades.onnx,vnncomp2025_benchmarks/benchmarks/cora_2024/vnnlib/svhn-img279.vnnlib,.024440778,sat,17.419895432
cora_2024,vnncomp2025_benchmarks/benchmarks/cora_2024/./onnx/svhn-set.onnx,vnncomp2025_benchmarks/benchmarks/cora_2024/vnnlib/svhn-img279.vnnlib,.026142267,timeout,37.092649137
cora_2024,vnncomp2025_benchmarks/benchmarks/cora_2024/./onnx/svhn-point.onnx,vnncomp2025_benchmarks/benchmarks/cora_2024/vnnlib/svhn-img289.vnnlib,.025986935,sat,17.222274129
cora_2024,vnncomp2025_benchmarks/benchmarks/cora_2024/./onnx/svhn-trades.onnx,vnncomp2025_benchmarks/benchmarks/cora_2024/vnnlib/svhn-img289.vnnlib,.025867471,sat,17.337013109
cora_2024,vnncomp2025_benchmarks/benchmarks/cora_2024/./onnx/svhn-set.onnx,vnncomp2025_benchmarks/benchmarks/cora_2024/vnnlib/svhn-img289.vnnlib,.026379792,sat,17.311897664
cora_2024,vnncomp2025_benchmarks/benchmarks/cora_2024/./onnx/svhn-point.onnx,vnncomp2025_benchmarks/benchmarks/cora_2024/vnnlib/svhn-img337.vnnlib,.025529863,sat,17.285262428
cora_2024,vnncomp2025_benchmarks/benchmarks/cora_2024/./onnx/svhn-trades.onnx,vnncomp2025_benchmarks/benchmarks/cora_2024/vnnlib/svhn-img337.vnnlib,.024869328,sat,17.231772707
cora_2024,vnncomp2025_benchmarks/benchmarks/cora_2024/./onnx/svhn-set.onnx,vnncomp2025_benchmarks/benchmarks/cora_2024/vnnlib/svhn-img337.vnnlib,.025501541,timeout,37.045650454
cora_2024,vnncomp2025_benchmarks/benchmarks/cora_2024/./onnx/svhn-point.onnx,vnncomp2025_benchmarks/benchmarks/cora_2024/vnnlib/svhn-img349.vnnlib,.025362439,sat,17.129549675
cora_2024,vnncomp2025_benchmarks/benchmarks/cora_2024/./onnx/svhn-trades.onnx,vnncomp2025_benchmarks/benchmarks/cora_2024/vnnlib/svhn-img349.vnnlib,.024879547,sat,17.376221477
cora_2024,vnncomp2025_benchmarks/benchmarks/cora_2024/./onnx/svhn-set.onnx,vnncomp2025_benchmarks/benchmarks/cora_2024/vnnlib/svhn-img349.vnnlib,.024784465,timeout,37.107244371
cora_2024,vnncomp2025_benchmarks/benchmarks/cora_2024/./onnx/svhn-point.onnx,vnncomp2025_benchmarks/benchmarks/cora_2024/vnnlib/svhn-img530.vnnlib,.024846487,sat,17.483315249
cora_2024,vnncomp2025_benchmarks/benchmarks/cora_2024/./onnx/svhn-trades.onnx,vnncomp2025_benchmarks/benchmarks/cora_2024/vnnlib/svhn-img530.vnnlib,.025883870,sat,17.562592841
cora_2024,vnncomp2025_benchmarks/benchmarks/cora_2024/./onnx/svhn-set.onnx,vnncomp2025_benchmarks/benchmarks/cora_2024/vnnlib/svhn-img530.vnnlib,.025649345,sat,17.241545565
cora_2024,vnncomp2025_benchmarks/benchmarks/cora_2024/./onnx/svhn-point.onnx,vnncomp2025_benchmarks/benchmarks/cora_2024/vnnlib/svhn-img601.vnnlib,.025483851,sat,17.298129891
cora_2024,vnncomp2025_benchmarks/benchmarks/cora_2024/./onnx/svhn-trades.onnx,vnncomp2025_benchmarks/benchmarks/cora_2024/vnnlib/svhn-img601.vnnlib,.024673672,sat,17.390097929
cora_2024,vnncomp2025_benchmarks/benchmarks/cora_2024/./onnx/svhn-set.onnx,vnncomp2025_benchmarks/benchmarks/cora_2024/vnnlib/svhn-img601.vnnlib,.025309027,timeout,37.098274693
cora_2024,vnncomp2025_benchmarks/benchmarks/cora_2024/./onnx/svhn-point.onnx,vnncomp2025_benchmarks/benchmarks/cora_2024/vnnlib/svhn-img637.vnnlib,.024601820,sat,17.379564949
cora_2024,vnncomp2025_benchmarks/benchmarks/cora_2024/./onnx/svhn-trades.onnx,vnncomp2025_benchmarks/benchmarks/cora_2024/vnnlib/svhn-img637.vnnlib,.025976081,sat,17.402417527
cora_2024,vnncomp2025_benchmarks/benchmarks/cora_2024/./onnx/svhn-set.onnx,vnncomp2025_benchmarks/benchmarks/cora_2024/vnnlib/svhn-img637.vnnlib,.025117121,sat,17.129814720
cora_2024,vnncomp2025_benchmarks/benchmarks/cora_2024/./onnx/svhn-point.onnx,vnncomp2025_benchmarks/benchmarks/cora_2024/vnnlib/svhn-img692.vnnlib,.024910567,sat,17.363283988
cora_2024,vnncomp2025_benchmarks/benchmarks/cora_2024/./onnx/svhn-trades.onnx,vnncomp2025_benchmarks/benchmarks/cora_2024/vnnlib/svhn-img692.vnnlib,.024765374,sat,17.371668371
cora_2024,vnncomp2025_benchmarks/benchmarks/cora_2024/./onnx/svhn-set.onnx,vnncomp2025_benchmarks/benchmarks/cora_2024/vnnlib/svhn-img692.vnnlib,.024902227,sat,17.238251749
cora_2024,vnncomp2025_benchmarks/benchmarks/cora_2024/./onnx/svhn-point.onnx,vnncomp2025_benchmarks/benchmarks/cora_2024/vnnlib/svhn-img718.vnnlib,.025184843,sat,17.261474379
cora_2024,vnncomp2025_benchmarks/benchmarks/cora_2024/./onnx/svhn-trades.onnx,vnncomp2025_benchmarks/benchmarks/cora_2024/vnnlib/svhn-img718.vnnlib,.024788814,sat,17.316261945
cora_2024,vnncomp2025_benchmarks/benchmarks/cora_2024/./onnx/svhn-set.onnx,vnncomp2025_benchmarks/benchmarks/cora_2024/vnnlib/svhn-img718.vnnlib,.025180404,sat,17.254271681
cora_2024,vnncomp2025_benchmarks/benchmarks/cora_2024/./onnx/svhn-point.onnx,vnncomp2025_benchmarks/benchmarks/cora_2024/vnnlib/svhn-img735.vnnlib,.024864366,sat,17.687992575
cora_2024,vnncomp2025_benchmarks/benchmarks/cora_2024/./onnx/svhn-trades.onnx,vnncomp2025_benchmarks/benchmarks/cora_2024/vnnlib/svhn-img735.vnnlib,.026397272,sat,17.400760331
cora_2024,vnncomp2025_benchmarks/benchmarks/cora_2024/./onnx/svhn-set.onnx,vnncomp2025_benchmarks/benchmarks/cora_2024/vnnlib/svhn-img735.vnnlib,.025524913,sat,17.297498081
cora_2024,vnncomp2025_benchmarks/benchmarks/cora_2024/./onnx/svhn-point.onnx,vnncomp2025_benchmarks/benchmarks/cora_2024/vnnlib/svhn-img745.vnnlib,.025286608,sat,17.409945567
cora_2024,vnncomp2025_benchmarks/benchmarks/cora_2024/./onnx/svhn-trades.onnx,vnncomp2025_benchmarks/benchmarks/cora_2024/vnnlib/svhn-img745.vnnlib,.025509942,sat,17.146875285
cora_2024,vnncomp2025_benchmarks/benchmarks/cora_2024/./onnx/svhn-set.onnx,vnncomp2025_benchmarks/benchmarks/cora_2024/vnnlib/svhn-img745.vnnlib,.027127251,timeout,36.945134131
cora_2024,vnncomp2025_benchmarks/benchmarks/cora_2024/./onnx/svhn-point.onnx,vnncomp2025_benchmarks/benchmarks/cora_2024/vnnlib/svhn-img760.vnnlib,.025559836,sat,17.908501107
cora_2024,vnncomp2025_benchmarks/benchmarks/cora_2024/./onnx/svhn-trades.onnx,vnncomp2025_benchmarks/benchmarks/cora_2024/vnnlib/svhn-img760.vnnlib,.024971893,sat,17.279599395
cora_2024,vnncomp2025_benchmarks/benchmarks/cora_2024/./onnx/svhn-set.onnx,vnncomp2025_benchmarks/benchmarks/cora_2024/vnnlib/svhn-img760.vnnlib,.025226178,timeout,36.963739396
cora_2024,vnncomp2025_benchmarks/benchmarks/cora_2024/./onnx/cifar10-point.onnx,vnncomp2025_benchmarks/benchmarks/cora_2024/vnnlib/cifar10-img66.vnnlib,.026290012,timeout,36.950286813
cora_2024,vnncomp2025_benchmarks/benchmarks/cora_2024/./onnx/cifar10-trades.onnx,vnncomp2025_benchmarks/benchmarks/cora_2024/vnnlib/cifar10-img66.vnnlib,.025490771,timeout,36.916062974
cora_2024,vnncomp2025_benchmarks/benchmarks/cora_2024/./onnx/cifar10-set.onnx,vnncomp2025_benchmarks/benchmarks/cora_2024/vnnlib/cifar10-img66.vnnlib,.025839011,timeout,36.912908616
cora_2024,vnncomp2025_benchmarks/benchmarks/cora_2024/./onnx/cifar10-point.onnx,vnncomp2025_benchmarks/benchmarks/cora_2024/vnnlib/cifar10-img77.vnnlib,.026265090,timeout,37.057166677
cora_2024,vnncomp2025_benchmarks/benchmarks/cora_2024/./onnx/cifar10-trades.onnx,vnncomp2025_benchmarks/benchmarks/cora_2024/vnnlib/cifar10-img77.vnnlib,.026570439,timeout,37.124494763
cora_2024,vnncomp2025_benchmarks/benchmarks/cora_2024/./onnx/cifar10-set.onnx,vnncomp2025_benchmarks/benchmarks/cora_2024/vnnlib/cifar10-img77.vnnlib,.025955135,timeout,36.961063640
cora_2024,vnncomp2025_benchmarks/benchmarks/cora_2024/./onnx/cifar10-point.onnx,vnncomp2025_benchmarks/benchmarks/cora_2024/vnnlib/cifar10-img96.vnnlib,.025909153,timeout,36.956367832
cora_2024,vnncomp2025_benchmarks/benchmarks/cora_2024/./onnx/cifar10-trades.onnx,vnncomp2025_benchmarks/benchmarks/cora_2024/vnnlib/cifar10-img96.vnnlib,.026205151,timeout,36.973237010
cora_2024,vnncomp2025_benchmarks/benchmarks/cora_2024/./onnx/cifar10-set.onnx,vnncomp2025_benchmarks/benchmarks/cora_2024/vnnlib/cifar10-img96.vnnlib,.025931834,timeout,37.007833444
cora_2024,vnncomp2025_benchmarks/benchmarks/cora_2024/./onnx/cifar10-point.onnx,vnncomp2025_benchmarks/benchmarks/cora_2024/vnnlib/cifar10-img100.vnnlib,.025403532,timeout,36.955788457
cora_2024,vnncomp2025_benchmarks/benchmarks/cora_2024/./onnx/cifar10-trades.onnx,vnncomp2025_benchmarks/benchmarks/cora_2024/vnnlib/cifar10-img100.vnnlib,.025792109,timeout,36.973269825
cora_2024,vnncomp2025_benchmarks/benchmarks/cora_2024/./onnx/cifar10-set.onnx,vnncomp2025_benchmarks/benchmarks/cora_2024/vnnlib/cifar10-img100.vnnlib,.025924643,timeout,36.912089352
cora_2024,vnncomp2025_benchmarks/benchmarks/cora_2024/./onnx/cifar10-point.onnx,vnncomp2025_benchmarks/benchmarks/cora_2024/vnnlib/cifar10-img126.vnnlib,.025163933,timeout,36.882191157
cora_2024,vnncomp2025_benchmarks/benchmarks/cora_2024/./onnx/cifar10-trades.onnx,vnncomp2025_benchmarks/benchmarks/cora_2024/vnnlib/cifar10-img126.vnnlib,.026023315,timeout,36.882900220
cora_2024,vnncomp2025_benchmarks/benchmarks/cora_2024/./onnx/cifar10-set.onnx,vnncomp2025_benchmarks/benchmarks/cora_2024/vnnlib/cifar10-img126.vnnlib,.025848521,timeout,36.922858350
cora_2024,vnncomp2025_benchmarks/benchmarks/cora_2024/./onnx/cifar10-point.onnx,vnncomp2025_benchmarks/benchmarks/cora_2024/vnnlib/cifar10-img135.vnnlib,.025966273,timeout,36.959114465
cora_2024,vnncomp2025_benchmarks/benchmarks/cora_2024/./onnx/cifar10-trades.onnx,vnncomp2025_benchmarks/benchmarks/cora_2024/vnnlib/cifar10-img135.vnnlib,.025551975,timeout,37.034537380
cora_2024,vnncomp2025_benchmarks/benchmarks/cora_2024/./onnx/cifar10-set.onnx,vnncomp2025_benchmarks/benchmarks/cora_2024/vnnlib/cifar10-img135.vnnlib,.025843292,timeout,36.945568621
cora_2024,vnncomp2025_benchmarks/benchmarks/cora_2024/./onnx/cifar10-point.onnx,vnncomp2025_benchmarks/benchmarks/cora_2024/vnnlib/cifar10-img160.vnnlib,.025598205,timeout,36.946753395
cora_2024,vnncomp2025_benchmarks/benchmarks/cora_2024/./onnx/cifar10-trades.onnx,vnncomp2025_benchmarks/benchmarks/cora_2024/vnnlib/cifar10-img160.vnnlib,.026018497,timeout,36.984591340
cora_2024,vnncomp2025_benchmarks/benchmarks/cora_2024/./onnx/cifar10-set.onnx,vnncomp2025_benchmarks/benchmarks/cora_2024/vnnlib/cifar10-img160.vnnlib,.025587496,timeout,36.944619259
cora_2024,vnncomp2025_benchmarks/benchmarks/cora_2024/./onnx/cifar10-point.onnx,vnncomp2025_benchmarks/benchmarks/cora_2024/vnnlib/cifar10-img166.vnnlib,.025876833,timeout,37.090728607
cora_2024,vnncomp2025_benchmarks/benchmarks/cora_2024/./onnx/cifar10-trades.onnx,vnncomp2025_benchmarks/benchmarks/cora_2024/vnnlib/cifar10-img166.vnnlib,.026124889,timeout,36.931884225
cora_2024,vnncomp2025_benchmarks/benchmarks/cora_2024/./onnx/cifar10-set.onnx,vnncomp2025_benchmarks/benchmarks/cora_2024/vnnlib/cifar10-img166.vnnlib,.026124044,timeout,36.940553002
cora_2024,vnncomp2025_benchmarks/benchmarks/cora_2024/./onnx/cifar10-point.onnx,vnncomp2025_benchmarks/benchmarks/cora_2024/vnnlib/cifar10-img206.vnnlib,.025422873,timeout,36.949271547
cora_2024,vnncomp2025_benchmarks/benchmarks/cora_2024/./onnx/cifar10-trades.onnx,vnncomp2025_benchmarks/benchmarks/cora_2024/vnnlib/cifar10-img206.vnnlib,.025959335,timeout,36.987154066
cora_2024,vnncomp2025_benchmarks/benchmarks/cora_2024/./onnx/cifar10-set.onnx,vnncomp2025_benchmarks/benchmarks/cora_2024/vnnlib/cifar10-img206.vnnlib,.025500215,timeout,37.005593792
cora_2024,vnncomp2025_benchmarks/benchmarks/cora_2024/./onnx/cifar10-point.onnx,vnncomp2025_benchmarks/benchmarks/cora_2024/vnnlib/cifar10-img207.vnnlib,.025881440,timeout,36.927778143
cora_2024,vnncomp2025_benchmarks/benchmarks/cora_2024/./onnx/cifar10-trades.onnx,vnncomp2025_benchmarks/benchmarks/cora_2024/vnnlib/cifar10-img207.vnnlib,.025451930,timeout,36.930698838
cora_2024,vnncomp2025_benchmarks/benchmarks/cora_2024/./onnx/cifar10-set.onnx,vnncomp2025_benchmarks/benchmarks/cora_2024/vnnlib/cifar10-img207.vnnlib,.025004567,timeout,36.979741522
cora_2024,vnncomp2025_benchmarks/benchmarks/cora_2024/./onnx/cifar10-point.onnx,vnncomp2025_benchmarks/benchmarks/cora_2024/vnnlib/cifar10-img244.vnnlib,.026248234,timeout,37.018699593
cora_2024,vnncomp2025_benchmarks/benchmarks/cora_2024/./onnx/cifar10-trades.onnx,vnncomp2025_benchmarks/benchmarks/cora_2024/vnnlib/cifar10-img244.vnnlib,.025866668,timeout,36.995155848
cora_2024,vnncomp2025_benchmarks/benchmarks/cora_2024/./onnx/cifar10-set.onnx,vnncomp2025_benchmarks/benchmarks/cora_2024/vnnlib/cifar10-img244.vnnlib,.026314176,timeout,36.917933318
cora_2024,vnncomp2025_benchmarks/benchmarks/cora_2024/./onnx/cifar10-point.onnx,vnncomp2025_benchmarks/benchmarks/cora_2024/vnnlib/cifar10-img292.vnnlib,.026146343,timeout,36.971805084
cora_2024,vnncomp2025_benchmarks/benchmarks/cora_2024/./onnx/cifar10-trades.onnx,vnncomp2025_benchmarks/benchmarks/cora_2024/vnnlib/cifar10-img292.vnnlib,.025983395,timeout,36.961670158
cora_2024,vnncomp2025_benchmarks/benchmarks/cora_2024/./onnx/cifar10-set.onnx,vnncomp2025_benchmarks/benchmarks/cora_2024/vnnlib/cifar10-img292.vnnlib,.025993319,timeout,36.935185423
cora_2024,vnncomp2025_benchmarks/benchmarks/cora_2024/./onnx/cifar10-point.onnx,vnncomp2025_benchmarks/benchmarks/cora_2024/vnnlib/cifar10-img328.vnnlib,.025720823,timeout,36.958996283
cora_2024,vnncomp2025_benchmarks/benchmarks/cora_2024/./onnx/cifar10-trades.onnx,vnncomp2025_benchmarks/benchmarks/cora_2024/vnnlib/cifar10-img328.vnnlib,.025118239,sat,17.331458962
cora_2024,vnncomp2025_benchmarks/benchmarks/cora_2024/./onnx/cifar10-set.onnx,vnncomp2025_benchmarks/benchmarks/cora_2024/vnnlib/cifar10-img328.vnnlib,.025295011,timeout,36.941860079
cora_2024,vnncomp2025_benchmarks/benchmarks/cora_2024/./onnx/cifar10-point.onnx,vnncomp2025_benchmarks/benchmarks/cora_2024/vnnlib/cifar10-img332.vnnlib,.025978339,timeout,36.922568548
cora_2024,vnncomp2025_benchmarks/benchmarks/cora_2024/./onnx/cifar10-trades.onnx,vnncomp2025_benchmarks/benchmarks/cora_2024/vnnlib/cifar10-img332.vnnlib,.026446348,timeout,37.047923230
cora_2024,vnncomp2025_benchmarks/benchmarks/cora_2024/./onnx/cifar10-set.onnx,vnncomp2025_benchmarks/benchmarks/cora_2024/vnnlib/cifar10-img332.vnnlib,.025941218,timeout,36.952718919
cora_2024,vnncomp2025_benchmarks/benchmarks/cora_2024/./onnx/cifar10-point.onnx,vnncomp2025_benchmarks/benchmarks/cora_2024/vnnlib/cifar10-img339.vnnlib,.026556611,timeout,36.958030915
cora_2024,vnncomp2025_benchmarks/benchmarks/cora_2024/./onnx/cifar10-trades.onnx,vnncomp2025_benchmarks/benchmarks/cora_2024/vnnlib/cifar10-img339.vnnlib,.025941958,timeout,37.099351794
cora_2024,vnncomp2025_benchmarks/benchmarks/cora_2024/./onnx/cifar10-set.onnx,vnncomp2025_benchmarks/benchmarks/cora_2024/vnnlib/cifar10-img339.vnnlib,.026215274,timeout,37.036217794
cora_2024,vnncomp2025_benchmarks/benchmarks/cora_2024/./onnx/cifar10-point.onnx,vnncomp2025_benchmarks/benchmarks/cora_2024/vnnlib/cifar10-img340.vnnlib,.025492427,timeout,36.928823497
cora_2024,vnncomp2025_benchmarks/benchmarks/cora_2024/./onnx/cifar10-trades.onnx,vnncomp2025_benchmarks/benchmarks/cora_2024/vnnlib/cifar10-img340.vnnlib,.025443915,timeout,37.045952746
cora_2024,vnncomp2025_benchmarks/benchmarks/cora_2024/./onnx/cifar10-set.onnx,vnncomp2025_benchmarks/benchmarks/cora_2024/vnnlib/cifar10-img340.vnnlib,.025931246,timeout,36.979928695
cora_2024,vnncomp2025_benchmarks/benchmarks/cora_2024/./onnx/cifar10-point.onnx,vnncomp2025_benchmarks/benchmarks/cora_2024/vnnlib/cifar10-img386.vnnlib,.025723891,timeout,36.917612180
cora_2024,vnncomp2025_benchmarks/benchmarks/cora_2024/./onnx/cifar10-trades.onnx,vnncomp2025_benchmarks/benchmarks/cora_2024/vnnlib/cifar10-img386.vnnlib,.026323655,timeout,36.906221873
cora_2024,vnncomp2025_benchmarks/benchmarks/cora_2024/./onnx/cifar10-set.onnx,vnncomp2025_benchmarks/benchmarks/cora_2024/vnnlib/cifar10-img386.vnnlib,.025337543,timeout,36.894680191
cora_2024,vnncomp2025_benchmarks/benchmarks/cora_2024/./onnx/cifar10-point.onnx,vnncomp2025_benchmarks/benchmarks/cora_2024/vnnlib/cifar10-img398.vnnlib,.025270262,sat,17.301965701
cora_2024,vnncomp2025_benchmarks/benchmarks/cora_2024/./onnx/cifar10-trades.onnx,vnncomp2025_benchmarks/benchmarks/cora_2024/vnnlib/cifar10-img398.vnnlib,.026076896,timeout,36.967296260
cora_2024,vnncomp2025_benchmarks/benchmarks/cora_2024/./onnx/cifar10-set.onnx,vnncomp2025_benchmarks/benchmarks/cora_2024/vnnlib/cifar10-img398.vnnlib,.025754853,timeout,36.961388640
cora_2024,vnncomp2025_benchmarks/benchmarks/cora_2024/./onnx/cifar10-point.onnx,vnncomp2025_benchmarks/benchmarks/cora_2024/vnnlib/cifar10-img440.vnnlib,.026060271,timeout,36.975705916
cora_2024,vnncomp2025_benchmarks/benchmarks/cora_2024/./onnx/cifar10-trades.onnx,vnncomp2025_benchmarks/benchmarks/cora_2024/vnnlib/cifar10-img440.vnnlib,.025373732,sat,17.494775930
cora_2024,vnncomp2025_benchmarks/benchmarks/cora_2024/./onnx/cifar10-set.onnx,vnncomp2025_benchmarks/benchmarks/cora_2024/vnnlib/cifar10-img440.vnnlib,.024938031,timeout,36.922758706
cora_2024,vnncomp2025_benchmarks/benchmarks/cora_2024/./onnx/cifar10-point.onnx,vnncomp2025_benchmarks/benchmarks/cora_2024/vnnlib/cifar10-img479.vnnlib,.026012337,timeout,36.977137006
cora_2024,vnncomp2025_benchmarks/benchmarks/cora_2024/./onnx/cifar10-trades.onnx,vnncomp2025_benchmarks/benchmarks/cora_2024/vnnlib/cifar10-img479.vnnlib,.025784153,timeout,37.039588818
cora_2024,vnncomp2025_benchmarks/benchmarks/cora_2024/./onnx/cifar10-set.onnx,vnncomp2025_benchmarks/benchmarks/cora_2024/vnnlib/cifar10-img479.vnnlib,.026051649,timeout,37.091789604
cora_2024,vnncomp2025_benchmarks/benchmarks/test/onnx/test_nano.onnx,vnncomp2025_benchmarks/benchmarks/test/vnnlib/test_nano.vnnlib,.025834825,error_exit_code_1,8.674852821
